Unnamed: 0,Unnamed: 1,Unnamed: 2,Unnamed: 3,Unnamed: 4,Unnamed: 5,Unnamed: 6,Unnamed: 7,Unnamed: 8,Unnamed: 9,Unnamed: 10,Unnamed: 11,Unnamed: 12,Unnamed: 13,Unnamed: 14,Unnamed: 15,Unnamed: 16,Unnamed: 17,Unnamed: 18
,Document No.,Sell-to Customer No.,Type,Product,No.,Description,Posting Date,Document Date,GST Bill To State Code,State,Ship to Name,Quantity,Qty in Kgs,Unit of Measure Code,Unit Price Excl. VAT,Amount,Line Discount %,
,UCPL/23-24/578,CUS00009,Item,Annapurna Salt,ANNW100,Anp 1 kg * 25kg pack  Relaunch,2023-07-01 00:00:00,2023-07-01 00:00:00,TN,Tamil Nadu,V S TRADERS  RS CODE-41A984,5000,5000,PAC,15.84,79200,0,
,UCPL/23-24/578,CUS00009,Item,Annapurna Salt,ANNX100,Anp Crystal 1 * 25 kg Relaunch,2023-07-01 00:00:00,2023-07-01 00:00:00,TN,Tamil Nadu,V S TRADERS  RS CODE-41A984,10000,10000,PAC,12.99,129900,0,
,UCPL/23-24/578,CUS00009,Item,Annapurna Salt,ANNY100,ANNP IODPD SALT 500G,2023-07-01 00:00:00,2023-07-01 00:00:00,TN,Tamil Nadu,V S TRADERS  RS CODE-41A984,6000,3000,PAC,8.09,48540,0,
,UCPL/23-24/579,CUS00003,Item,Annapurna Salt,ANNW100,Anp 1 kg * 25kg pack  Relaunch,2023-07-03 00:00:00,2023-07-03 00:00:00,KA,Karnataka,SHREE MOOKAMBIKA MARKETING RS CODE-431270,10250,10250,PAC,15.84,162360,0,
,UCPL/23-24/579,CUS00003,Item,Annapurna Salt,ANNX100,Anp Crystal 1 * 25 kg Relaunch,2023-07-03 00:00:00,2023-07-03 00:00:00,KA,Karnataka,SHREE MOOKAMBIKA MARKETING RS CODE-431270,7500,7500,PAC,12.99,97425,0,
,UCPL/23-24/579,CUS00003,Item,Captain Cook Salt,ACCZ100,CC 1 kg * 25kg pack  New Code,2023-07-03 00:00:00,2023-07-03 00:00:00,KA,Karnataka,SHREE MOOKAMBIKA MARKETING RS CODE-431270,250,250,PAC,15.74,3935,0,
,UCPL/23-24/580,CUS00004,Item,Annapurna Salt,ANNW100,Anp 1 kg * 25kg pack  Relaunch,2023-07-03 00:00:00,2023-07-03 00:00:00,TN,Tamil Nadu,SUMANGALI AGENCIES RS CODE-412855,2000,2000,PAC,15.84,31680,0,
,UCPL/23-24/580,CUS00004,Item,Annapurna Salt,ANNX100,Anp Crystal 1 * 25 kg Relaunch,2023-07-03 00:00:00,2023-07-03 00:00:00,TN,Tamil Nadu,SUMANGALI AGENCIES RS CODE-412855,11000,11000,PAC,12.99,142890,0,
,UCPL/23-24/581,CUS00004,Item,Annapurna Salt,ANNW100,Anp 1 kg * 25kg pack  Relaunch,2023-07-03 00:00:00,2023-07-03 00:00:00,TN,Tamil Nadu,DINESH AGENCY   RS CODE-41B396,5125,5125,PAC,15.84,81180,0,
,UCPL/23-24/581,CUS00004,Item,Annapurna Salt,ANNX100,Anp Crystal 1 * 25 kg Relaunch,2023-07-03 00:00:00,2023-07-03 00:00:00,TN,Tamil Nadu,DINESH AGENCY   RS CODE-41B396,6000,6000,PAC,12.99,77940,0,
,UCPL/23-24/582,CUS00003,Item,Annapurna Salt,ANNW100,Anp 1 kg * 25kg pack  Relaunch,2023-07-04 00:00:00,2023-07-04 00:00:00,KA,Karnataka,SHAMANUR SHOPPE  RS CODE-43A624,14750,14750,PAC,15.84,233640,0,
,UCPL/23-24/582,CUS00003,Item,Annapurna Salt,ANNX100,Anp Crystal 1 * 25 kg Relaunch,2023-07-04 00:00:00,2023-07-04 00:00:00,KA,Karnataka,SHAMANUR SHOPPE  RS CODE-43A624,9500,9500,PAC,12.99,123405,0,
,UCPL/23-24/582,CUS00003,Item,Annapurna Salt,ANNY100,ANNP IODPD SALT 500G,2023-07-04 00:00:00,2023-07-04 00:00:00,KA,Karnataka,SHAMANUR SHOPPE  RS CODE-43A624,0,0,PAC,8.09,0,0,
,UCPL/23-24/583,CUS00001,Item,Annapurna Atta,ATTA100,ANNP WH-FF 10KG,2023-07-04 00:00:00,2023-07-04 00:00:00,TS,Andhra Pradesh,Hindustan Unilever Ltd CSA C/o Srinivasa Logistics,0,0,PAC,498.05,0,0,
,UCPL/23-24/583,CUS00001,Item,Annapurna Atta,ATTB100,ANNP WH-FF 5KG LP RL,2023-07-04 00:00:00,2023-07-04 00:00:00,TS,Andhra Pradesh,Hindustan Unilever Ltd CSA C/o Srinivasa Logistics,0,0,PAC,254.04,0,0,
,UCPL/23-24/583,CUS00001,Item,Annapurna Atta,ATTC100,ANNP WH-FF 1KG LP RL,2023-07-04 00:00:00,2023-07-04 00:00:00,TS,Andhra Pradesh,Hindustan Unilever Ltd CSA C/o Srinivasa Logistics,18000,18000,PAC,52.16,938880,0,
,UCPL/23-24/584,CUS00014,Item,Annapurna Atta,ATTC100,ANNP WH-FF 1KG LP RL,2023-07-04 00:00:00,2023-07-04 00:00:00,AD,Andhra Pradesh,HINDUSTAN UNILEVER LIMITED,630,630,PAC,52.16,32860.8,0,
,UCPL/23-24/584,CUS00014,Item,Annapurna Atta,ATTC100,ANNP WH-FF 1KG LP RL,2023-07-04 00:00:00,2023-07-04 00:00:00,AD,Andhra Pradesh,HINDUSTAN UNILEVER LIMITED,0,0,PAC,52.16,0,0,
,UCPL/23-24/584,CUS00014,Item,Annapurna Atta,ATTC100,ANNP WH-FF 1KG LP RL,2023-07-04 00:00:00,2023-07-04 00:00:00,AD,Andhra Pradesh,HINDUSTAN UNILEVER LIMITED,5370,5370,PAC,52.16,280099.2,0,
,UCPL/23-24/585,CUS00014,Item,Annapurna Atta,ATTA100,ANNP WH-FF 10KG,2023-07-04 00:00:00,2023-07-04 00:00:00,AD,Andhra Pradesh,HINDUSTAN UNILEVER LIMITED,0,0,PAC,498.05,0,0,
,UCPL/23-24/585,CUS00014,Item,Annapurna Atta,ATTB100,ANNP WH-FF 5KG LP RL,2023-07-04 00:00:00,2023-07-04 00:00:00,AD,Andhra Pradesh,HINDUSTAN UNILEVER LIMITED,0,0,PAC,254.04,0,0,
,UCPL/23-24/585,CUS00014,Item,Annapurna Atta,ATTC100,ANNP WH-FF 1KG LP RL,2023-07-04 00:00:00,2023-07-04 00:00:00,AD,Andhra Pradesh,HINDUSTAN UNILEVER LIMITED,18000,18000,PAC,52.16,938880,0,
,UCPL/23-24/586,CUS00003,Item,Annapurna Salt,ANNW100,Anp 1 kg * 25kg pack  Relaunch,2023-07-04 00:00:00,2023-07-04 00:00:00,KA,Karnataka,Intelligent Retail Pvt Ltd   RS CODE-43A573,11250,11250,PAC,15.84,178200,0,
,UCPL/23-24/586,CUS00003,Item,Annapurna Salt,ANNX100,Anp Crystal 1 * 25 kg Relaunch,2023-07-04 00:00:00,2023-07-04 00:00:00,KA,Karnataka,Intelligent Retail Pvt Ltd   RS CODE-43A573,5500,5500,PAC,12.99,71445,0,
,UCPL/23-24/586,CUS00003,Item,Annapurna Salt,ANNY100,ANNP IODPD SALT 500G,2023-07-04 00:00:00,2023-07-04 00:00:00,KA,Karnataka,Intelligent Retail Pvt Ltd   RS CODE-43A573,2500,1250,PAC,8.09,20225,0,
,UCPL/23-24/587,CUS00014,Item,Annapurna Atta,ATTA100,ANNP WH-FF 10KG,2023-07-04 00:00:00,2023-07-04 00:00:00,AD,Andhra Pradesh,HINDUSTAN UNILEVER LIMITED,180,1800,PAC,498.05,89649,0,
,UCPL/23-24/587,CUS00014,Item,Annapurna Atta,ATTB100,ANNP WH-FF 5KG LP RL,2023-07-04 00:00:00,2023-07-04 00:00:00,AD,Andhra Pradesh,HINDUSTAN UNILEVER LIMITED,2520,12600,PAC,254.04,640180.8,0,
,UCPL/23-24/587,CUS00014,Item,Annapurna Atta,ATTC100,ANNP WH-FF 1KG LP RL,2023-07-04 00:00:00,2023-07-04 00:00:00,AD,Andhra Pradesh,HINDUSTAN UNILEVER LIMITED,9600,9600,PAC,52.16,500736,0,
,UCPL/23-24/588,CUS00003,Item,Annapurna Salt,ANNW100,Anp 1 kg * 25kg pack  Relaunch,2023-07-04 00:00:00,2023-07-04 00:00:00,KA,Karnataka,S M M AGENICES  RS CODE-43A180,8750,8750,PAC,15.84,138600,0,
,UCPL/23-24/588,CUS00003,Item,Annapurna Salt,ANNX100,Anp Crystal 1 * 25 kg Relaunch,2023-07-04 00:00:00,2023-07-04 00:00:00,KA,Karnataka,S M M AGENICES  RS CODE-43A180,8000,8000,PAC,12.99,103920,0,
,UCPL/23-24/588,CUS00003,Item,Annapurna Salt,ANNY100,ANNP IODPD SALT 500G,2023-07-04 00:00:00,2023-07-04 00:00:00,KA,Karnataka,S M M AGENICES  RS CODE-43A180,2500,1250,PAC,8.09,20225,0,
,UCPL/23-24/589,CUS00014,Item,Annapurna Atta,ATTA100,ANNP WH-FF 10KG,2023-07-04 00:00:00,2023-07-04 00:00:00,AD,Andhra Pradesh,HINDUSTAN UNILEVER LIMITED,0,0,PAC,498.05,0,0,
,UCPL/23-24/589,CUS00014,Item,Annapurna Atta,ATTB100,ANNP WH-FF 5KG LP RL,2023-07-04 00:00:00,2023-07-04 00:00:00,AD,Andhra Pradesh,HINDUSTAN UNILEVER LIMITED,0,0,PAC,254.04,0,0,
,UCPL/23-24/589,CUS00014,Item,Annapurna Atta,ATTC100,ANNP WH-FF 1KG LP RL,2023-07-04 00:00:00,2023-07-04 00:00:00,AD,Andhra Pradesh,HINDUSTAN UNILEVER LIMITED,18000,18000,PAC,52.16,938880,0,
,UCPL/23-24/590,CUS00001,Item,Annapurna Atta,ATTA100,ANNP WH-FF 10KG,2023-07-04 00:00:00,2023-07-04 00:00:00,TS,Andhra Pradesh,Hindustan Unilever Ltd CSA C/o Srinivasa Logistics,510,5100,PAC,498.05,254005.5,0,
,UCPL/23-24/590,CUS00001,Item,Annapurna Atta,ATTB100,ANNP WH-FF 5KG LP RL,2023-07-04 00:00:00,2023-07-04 00:00:00,TS,Andhra Pradesh,Hindustan Unilever Ltd CSA C/o Srinivasa Logistics,840,4200,PAC,254.04,213393.6,0,
,UCPL/23-24/590,CUS00001,Item,Annapurna Atta,ATTC100,ANNP WH-FF 1KG LP RL,2023-07-04 00:00:00,2023-07-04 00:00:00,TS,Andhra Pradesh,Hindustan Unilever Ltd CSA C/o Srinivasa Logistics,3330,3330,PAC,52.16,173692.8,0,
,UCPL/23-24/590,CUS00001,Item,Annapurna Atta,ATTC100,ANNP WH-FF 1KG LP RL,2023-07-04 00:00:00,2023-07-04 00:00:00,TS,Andhra Pradesh,Hindustan Unilever Ltd CSA C/o Srinivasa Logistics,5370,5370,PAC,52.16,280099.2,0,
,UCPL/23-24/591,CUS00003,Item,Annapurna Atta,ATTA100,ANNP WH-FF 10KG,2023-07-04 00:00:00,2023-07-04 00:00:00,KA,Karnataka,CFACHK-Linfox Logistics (I) Pvt Ltd,2400,24000,PAC,487.98,1171152,0,
,UCPL/23-24/591,CUS00003,Item,Annapurna Atta,ATTB100,ANNP WH-FF 5KG LP RL,2023-07-04 00:00:00,2023-07-04 00:00:00,KA,Karnataka,CFACHK-Linfox Logistics (I) Pvt Ltd,0,0,PAC,250.48,0,0,
,UCPL/23-24/592,CUS00003,Item,Annapurna Atta,ATTA100,ANNP WH-FF 10KG,2023-07-05 00:00:00,2023-07-05 00:00:00,KA,Karnataka,CFACHK-Linfox Logistics (I) Pvt Ltd,0,0,PAC,487.98,0,0,
,UCPL/23-24/592,CUS00003,Item,Annapurna Atta,ATTB100,ANNP WH-FF 5KG LP RL,2023-07-05 00:00:00,2023-07-05 00:00:00,KA,Karnataka,CFACHK-Linfox Logistics (I) Pvt Ltd,216,1080,PAC,250.48,54103.68,0,
,UCPL/23-24/592,CUS00003,Item,Annapurna Atta,ATTB100,ANNP WH-FF 5KG LP RL,2023-07-05 00:00:00,2023-07-05 00:00:00,KA,Karnataka,CFACHK-Linfox Logistics (I) Pvt Ltd,2784,13920,PAC,250.48,697336.32,0,
,UCPL/23-24/593,CUS00003,Item,Annapurna Atta,ATTA100,ANNP WH-FF 10KG,2023-07-05 00:00:00,2023-07-05 00:00:00,KA,Karnataka,CFACHK-Linfox Logistics (I) Pvt Ltd,351,3510,PAC,487.98,171280.98,0,
,UCPL/23-24/593,CUS00003,Item,Annapurna Atta,ATTB100,ANNP WH-FF 5KG LP RL,2023-07-05 00:00:00,2023-07-05 00:00:00,KA,Karnataka,CFACHK-Linfox Logistics (I) Pvt Ltd,600,3000,PAC,250.48,150288,0,
,UCPL/23-24/593,CUS00003,Item,Annapurna Atta,ATTB100,ANNP WH-FF 5KG LP RL,2023-07-05 00:00:00,2023-07-05 00:00:00,KA,Karnataka,CFACHK-Linfox Logistics (I) Pvt Ltd,0,0,PAC,250.48,0,0,
,UCPL/23-24/593,CUS00003,Item,Annapurna Atta,ATTA100,ANNP WH-FF 10KG,2023-07-05 00:00:00,2023-07-05 00:00:00,KA,Karnataka,CFACHK-Linfox Logistics (I) Pvt Ltd,849,8490,PAC,487.98,414295.02,0,
,UCPL/23-24/594,CUS00003,Item,Annapurna Salt,ANNW100,Anp 1 kg * 25kg pack  Relaunch,2023-07-06 00:00:00,2023-07-06 00:00:00,KA,Karnataka,SHREE RAMNATH DISTRIBUTORS   RS CODE-431036,9000,9000,PAC,15.84,142560,0,
,UCPL/23-24/594,CUS00003,Item,Annapurna Salt,ANNX100,Anp Crystal 1 * 25 kg Relaunch,2023-07-06 00:00:00,2023-07-06 00:00:00,KA,Karnataka,SHREE RAMNATH DISTRIBUTORS   RS CODE-431036,9000,9000,PAC,12.99,116910,0,
,UCPL/23-24/594,CUS00003,Item,Captain Cook Salt,ACCZ100,CC 1 kg * 25kg pack  New Code,2023-07-06 00:00:00,2023-07-06 00:00:00,KA,Karnataka,SHREE RAMNATH DISTRIBUTORS   RS CODE-431036,0,0,PAC,15.74,0,0,
,UCPL/23-24/595,CUS00003,Item,Annapurna Salt,ANNW100,Anp 1 kg * 25kg pack  Relaunch,2023-07-08 00:00:00,2023-07-08 00:00:00,KA,Karnataka,UNITED DISTRIBUTORS RS CODE-431611,10675,10675,PAC,15.84,169092,0,
,UCPL/23-24/595,CUS00003,Item,Annapurna Salt,ANNX100,Anp Crystal 1 * 25 kg Relaunch,2023-07-08 00:00:00,2023-07-08 00:00:00,KA,Karnataka,UNITED DISTRIBUTORS RS CODE-431611,12250,12250,PAC,12.99,159127.5,0,
,UCPL/23-24/595,CUS00003,Item,Annapurna Salt,ANNY100,ANNP IODPD SALT 500G,2023-07-08 00:00:00,2023-07-08 00:00:00,KA,Karnataka,UNITED DISTRIBUTORS RS CODE-431611,2500,1250,PAC,8.09,20225,0,
,UCPL/23-24/596,CUS00003,Item,Annapurna Salt,ANNW100,Anp 1 kg * 25kg pack  Relaunch,2023-07-08 00:00:00,2023-07-08 00:00:00,KA,Karnataka,KADAMBA ENTERPRISES   RS CODE-431732,5500,5500,PAC,15.84,87120,0,
,UCPL/23-24/596,CUS00003,Item,Annapurna Salt,ANNX100,Anp Crystal 1 * 25 kg Relaunch,2023-07-08 00:00:00,2023-07-08 00:00:00,KA,Karnataka,KADAMBA ENTERPRISES   RS CODE-431732,12500,12500,PAC,12.99,162375,0,
,UCPL/23-24/596,CUS00003,Item,Annapurna Salt,ANNY100,ANNP IODPD SALT 500G,2023-07-08 00:00:00,2023-07-08 00:00:00,KA,Karnataka,KADAMBA ENTERPRISES   RS CODE-431732,0,0,PAC,8.09,0,0,
,UCPL/23-24/597,CUS00003,Item,Annapurna Salt,ANNW100,Anp 1 kg * 25kg pack  Relaunch,2023-07-08 00:00:00,2023-07-08 00:00:00,KA,Karnataka,LYNKS LOGISTICS LIMITED  RS CODE-43A754,10050,10050,PAC,15.84,159192,0,
,UCPL/23-24/597,CUS00003,Item,Annapurna Salt,ANNX100,Anp Crystal 1 * 25 kg Relaunch,2023-07-08 00:00:00,2023-07-08 00:00:00,KA,Karnataka,LYNKS LOGISTICS LIMITED  RS CODE-43A754,11625,11625,PAC,12.99,151008.75,0,
,UCPL/23-24/597,CUS00003,Item,Annapurna Salt,ANNY100,ANNP IODPD SALT 500G,2023-07-08 00:00:00,2023-07-08 00:00:00,KA,Karnataka,LYNKS LOGISTICS LIMITED  RS CODE-43A754,5000,2500,PAC,8.09,40450,0,
,UCPL/23-24/598,CUS00001,Item,Annapurna Salt,ANNW100,Anp 1 kg * 25kg pack  Relaunch,2023-07-08 00:00:00,2023-07-07 00:00:00,TS,Andhra Pradesh,Hindustan Unilever Ltd CSA C/o Srinivasa Logistics,184000,184000,PAC,13.26,2439840,0,
,UCPL/23-24/598,CUS00001,Item,Annapurna Salt,ANNZ100,ANNP IODPD SALT 450g Relaunch,2023-07-08 00:00:00,2023-07-07 00:00:00,TS,Andhra Pradesh,Hindustan Unilever Ltd CSA C/o Srinivasa Logistics,0,0,PAC,7.69,0,0,
,UCPL/23-24/598,CUS00001,Item,Annapurna Salt,ANNW100,Anp 1 kg * 25kg pack  Relaunch,2023-07-08 00:00:00,2023-07-07 00:00:00,TS,Andhra Pradesh,Hindustan Unilever Ltd CSA C/o Srinivasa Logistics,0,0,PAC,13.26,0,0,
,UCPL/23-24/599,CUS00001,Item,Annapurna Salt,ANNW100,Anp 1 kg * 25kg pack  Relaunch,2023-07-08 00:00:00,2023-07-07 00:00:00,TS,Andhra Pradesh,K K Enterprises   SECH - 44A832,0,0,PAC,13.26,0,0,
,UCPL/23-24/599,CUS00001,Item,Annapurna Salt,ANNZ100,ANNP IODPD SALT 450g Relaunch,2023-07-08 00:00:00,2023-07-07 00:00:00,TS,Andhra Pradesh,K K Enterprises   SECH - 44A832,10000,4500,PAC,7.69,76900,0,
,UCPL/23-24/599,CUS00001,Item,Annapurna Salt,ANNW100,Anp 1 kg * 25kg pack  Relaunch,2023-07-08 00:00:00,2023-07-07 00:00:00,TS,Andhra Pradesh,K K Enterprises   SECH - 44A832,26100,26100,PAC,13.26,346086,0,
,UCPL/23-24/600,CUS00001,Item,Annapurna Salt,ANNW100,Anp 1 kg * 25kg pack  Relaunch,2023-07-08 00:00:00,2023-07-07 00:00:00,TS,Andhra Pradesh,K K Enterprises   SECH - 44A832,0,0,PAC,13.26,0,0,
,UCPL/23-24/600,CUS00001,Item,Annapurna Salt,ANNZ100,ANNP IODPD SALT 450g Relaunch,2023-07-08 00:00:00,2023-07-07 00:00:00,TS,Andhra Pradesh,K K Enterprises   SECH - 44A832,10000,4500,PAC,7.69,76900,0,
,UCPL/23-24/600,CUS00001,Item,Annapurna Salt,ANNW100,Anp 1 kg * 25kg pack  Relaunch,2023-07-08 00:00:00,2023-07-07 00:00:00,TS,Andhra Pradesh,K K Enterprises   SECH - 44A832,26100,26100,PAC,13.26,346086,0,
,UCPL/23-24/601,CUS00010,Item,Annapurna Salt,ANNZ100,ANNP IODPD SALT 450g Relaunch,2023-07-08 00:00:00,2023-07-08 00:00:00,GJ,Gujarat,Shree Enterprises -   VABH - 130996,2500,1125,PAC,6.83,17075,0,
,UCPL/23-24/601,CUS00010,Item,Annapurna Salt,ANNW100,Anp 1 kg * 25kg pack  Relaunch,2023-07-08 00:00:00,2023-07-08 00:00:00,GJ,Gujarat,Shree Enterprises -   VABH - 130996,22375,22375,PAC,11.84,264920,0,
,UCPL/23-24/601,CUS00010,Item,Captain Cook Salt,ACCZ100,CC 1 kg * 25kg pack  New Code,2023-07-08 00:00:00,2023-07-08 00:00:00,GJ,Gujarat,Shree Enterprises -   VABH - 130996,0,0,PAC,12.04,0,0,
,UCPL/23-24/602,CUS00001,Item,Annapurna Salt,ANNW100,Anp 1 kg * 25kg pack  Relaunch,2023-07-10 00:00:00,2023-07-10 00:00:00,TS,Andhra Pradesh,K K Enterprises   SECH - 44A832,30600,30600,PAC,13.26,405756,0,
,UCPL/23-24/602,CUS00001,Item,Annapurna Salt,ANNZ100,ANNP IODPD SALT 450g Relaunch,2023-07-10 00:00:00,2023-07-10 00:00:00,TS,Andhra Pradesh,K K Enterprises   SECH - 44A832,0,0,PAC,7.69,0,0,
,UCPL/23-24/602,CUS00001,Item,Annapurna Salt,ANNW100,Anp 1 kg * 25kg pack  Relaunch,2023-07-10 00:00:00,2023-07-10 00:00:00,TS,Andhra Pradesh,K K Enterprises   SECH - 44A832,0,0,PAC,13.26,0,0,
,UCPL/23-24/603,CUS00001,Item,Annapurna Salt,ANNW100,Anp 1 kg * 25kg pack  Relaunch,2023-07-10 00:00:00,2023-07-10 00:00:00,TS,Andhra Pradesh,Hindustan Unilever Ltd CSA C/o Srinivasa Logistics,123125,123125,PAC,13.26,1632637.5,0,
,UCPL/23-24/603,CUS00001,Item,Annapurna Salt,ANNW100,Anp 1 kg * 25kg pack  Relaunch,2023-07-10 00:00:00,2023-07-10 00:00:00,TS,Andhra Pradesh,Hindustan Unilever Ltd CSA C/o Srinivasa Logistics,1875,1875,PAC,13.26,24862.5,0,
,UCPL/23-24/604,CUS00008,Item,Annapurna Salt,ANNW100,Anp 1 kg * 25kg pack  Relaunch,2023-07-10 00:00:00,2023-07-10 00:00:00,BR,Bihar,CFAPTB Western Enterprises,117000,117000,PAC,8.24,964080,0,
,UCPL/23-24/604,CUS00008,Item,Captain Cook Salt,ACCZ100,CC 1 kg * 25kg pack  New Code,2023-07-10 00:00:00,2023-07-10 00:00:00,BR,Bihar,CFAPTB Western Enterprises,8425,8425,PAC,8.24,69422,0,
,UCPL/23-24/604,CUS00008,Item,Captain Cook Salt,ACCZ100,CC 1 kg * 25kg pack  New Code,2023-07-10 00:00:00,2023-07-10 00:00:00,BR,Bihar,CFAPTB Western Enterprises,51575,51575,PAC,8.24,424978,0,
,UCPL/23-24/605,CUS00003,Item,Annapurna Atta,ATTA100,ANNP WH-FF 10KG,2023-07-11 00:00:00,2023-07-11 00:00:00,KA,Karnataka,CFACHK-Linfox Logistics (I) Pvt Ltd,0,0,PAC,487.98,0,0,
,UCPL/23-24/605,CUS00003,Item,Annapurna Atta,ATTB100,ANNP WH-FF 5KG LP RL,2023-07-11 00:00:00,2023-07-11 00:00:00,KA,Karnataka,CFACHK-Linfox Logistics (I) Pvt Ltd,0,0,PAC,250.48,0,0,
,UCPL/23-24/605,CUS00003,Item,Annapurna Atta,ATTC100,ANNP WH-FF 1KG LP RL,2023-07-11 00:00:00,2023-07-11 00:00:00,KA,Karnataka,CFACHK-Linfox Logistics (I) Pvt Ltd,18000,18000,PAC,52.87,951660,0,
,UCPL/23-24/606,CUS00003,Item,Annapurna Atta,ATTA100,ANNP WH-FF 10KG,2023-07-11 00:00:00,2023-07-11 00:00:00,KA,Karnataka,CFACHK-Linfox Logistics (I) Pvt Ltd,0,0,PAC,487.98,0,0,
,UCPL/23-24/606,CUS00003,Item,Annapurna Atta,ATTB100,ANNP WH-FF 5KG LP RL,2023-07-11 00:00:00,2023-07-11 00:00:00,KA,Karnataka,CFACHK-Linfox Logistics (I) Pvt Ltd,3600,18000,PAC,250.48,901728,0,
,UCPL/23-24/606,CUS00003,Item,Annapurna Atta,ATTC100,ANNP WH-FF 1KG LP RL,2023-07-11 00:00:00,2023-07-11 00:00:00,KA,Karnataka,CFACHK-Linfox Logistics (I) Pvt Ltd,0,0,PAC,52.87,0,0,
,UCPL/23-24/607,CUS00003,Item,Annapurna Atta,ATTA100,ANNP WH-FF 10KG,2023-07-11 00:00:00,2023-07-11 00:00:00,KA,Karnataka,CFACHK-Linfox Logistics (I) Pvt Ltd,0,0,PAC,487.98,0,0,
,UCPL/23-24/607,CUS00003,Item,Annapurna Atta,ATTB100,ANNP WH-FF 5KG LP RL,2023-07-11 00:00:00,2023-07-11 00:00:00,KA,Karnataka,CFACHK-Linfox Logistics (I) Pvt Ltd,0,0,PAC,250.48,0,0,
,UCPL/23-24/607,CUS00003,Item,Annapurna Atta,ATTC100,ANNP WH-FF 1KG LP RL,2023-07-11 00:00:00,2023-07-11 00:00:00,KA,Karnataka,CFACHK-Linfox Logistics (I) Pvt Ltd,18000,18000,PAC,52.87,951660,0,
,UCPL/23-24/608,CUS00014,Item,Annapurna Atta,ATTA100,ANNP WH-FF 10KG,2023-07-11 00:00:00,2023-07-11 00:00:00,AD,Andhra Pradesh,HINDUSTAN UNILEVER LIMITED,0,0,PAC,498.05,0,0,
,UCPL/23-24/608,CUS00014,Item,Annapurna Atta,ATTB100,ANNP WH-FF 5KG LP RL,2023-07-11 00:00:00,2023-07-11 00:00:00,AD,Andhra Pradesh,HINDUSTAN UNILEVER LIMITED,0,0,PAC,254.04,0,0,
,UCPL/23-24/608,CUS00014,Item,Annapurna Atta,ATTC100,ANNP WH-FF 1KG LP RL,2023-07-11 00:00:00,2023-07-11 00:00:00,AD,Andhra Pradesh,HINDUSTAN UNILEVER LIMITED,8880,8880,PAC,52.16,463180.8,0,
,UCPL/23-24/608,CUS00014,Item,Annapurna Atta,ATTC100,ANNP WH-FF 1KG LP RL,2023-07-11 00:00:00,2023-07-11 00:00:00,AD,Andhra Pradesh,HINDUSTAN UNILEVER LIMITED,3120,3120,PAC,52.16,162739.2,0,
,UCPL/23-24/609,CUS00014,Item,Annapurna Atta,ATTA100,ANNP WH-FF 10KG,2023-07-11 00:00:00,2023-07-11 00:00:00,AD,Andhra Pradesh,HINDUSTAN UNILEVER LIMITED,0,0,PAC,498.05,0,0,
,UCPL/23-24/609,CUS00014,Item,Annapurna Atta,ATTB100,ANNP WH-FF 5KG LP RL,2023-07-11 00:00:00,2023-07-11 00:00:00,AD,Andhra Pradesh,HINDUSTAN UNILEVER LIMITED,0,0,PAC,254.04,0,0,
,UCPL/23-24/609,CUS00014,Item,Annapurna Atta,ATTC100,ANNP WH-FF 1KG LP RL,2023-07-11 00:00:00,2023-07-11 00:00:00,AD,Andhra Pradesh,HINDUSTAN UNILEVER LIMITED,12000,12000,PAC,52.16,625920,0,
,UCPL/23-24/610,CUS00001,Item,Annapurna Atta,ATTA100,ANNP WH-FF 10KG,2023-07-11 00:00:00,2023-07-11 00:00:00,TS,Andhra Pradesh,Hindustan Unilever Ltd CSA C/o Srinivasa Logistics,0,0,PAC,498.05,0,0,
,UCPL/23-24/610,CUS00001,Item,Annapurna Atta,ATTB100,ANNP WH-FF 5KG LP RL,2023-07-11 00:00:00,2023-07-11 00:00:00,TS,Andhra Pradesh,Hindustan Unilever Ltd CSA C/o Srinivasa Logistics,0,0,PAC,254.04,0,0,
,UCPL/23-24/610,CUS00001,Item,Annapurna Atta,ATTC100,ANNP WH-FF 1KG LP RL,2023-07-11 00:00:00,2023-07-11 00:00:00,TS,Andhra Pradesh,Hindustan Unilever Ltd CSA C/o Srinivasa Logistics,8580,8580,PAC,52.16,447532.8,0,
,UCPL/23-24/610,CUS00001,Item,Annapurna Atta,ATTC100,ANNP WH-FF 1KG LP RL,2023-07-11 00:00:00,2023-07-11 00:00:00,TS,Andhra Pradesh,Hindustan Unilever Ltd CSA C/o Srinivasa Logistics,9420,9420,PAC,52.16,491347.2,0,
,UCPL/23-24/611,CUS00001,Item,Annapurna Atta,ATTA100,ANNP WH-FF 10KG,2023-07-11 00:00:00,2023-07-11 00:00:00,TS,Andhra Pradesh,Hindustan Unilever Ltd CSA C/o Srinivasa Logistics,1137,11370,PAC,498.05,566282.85,0,
,UCPL/23-24/611,CUS00001,Item,Annapurna Atta,ATTB100,ANNP WH-FF 5KG LP RL,2023-07-11 00:00:00,2023-07-11 00:00:00,TS,Andhra Pradesh,Hindustan Unilever Ltd CSA C/o Srinivasa Logistics,0,0,PAC,254.04,0,0,
,UCPL/23-24/611,CUS00001,Item,Annapurna Atta,ATTC100,ANNP WH-FF 1KG LP RL,2023-07-11 00:00:00,2023-07-11 00:00:00,TS,Andhra Pradesh,Hindustan Unilever Ltd CSA C/o Srinivasa Logistics,6000,6000,PAC,52.16,312960,0,
,UCPL/23-24/611,CUS00001,Item,Annapurna Atta,ATTC100,ANNP WH-FF 1KG LP RL,2023-07-11 00:00:00,2023-07-11 00:00:00,TS,Andhra Pradesh,Hindustan Unilever Ltd CSA C/o Srinivasa Logistics,0,0,PAC,52.16,0,0,
,UCPL/23-24/611,CUS00001,Item,Annapurna Atta,ATTA100,ANNP WH-FF 10KG,2023-07-11 00:00:00,2023-07-11 00:00:00,TS,Andhra Pradesh,Hindustan Unilever Ltd CSA C/o Srinivasa Logistics,63,630,PAC,498.05,31377.15,0,
,UCPL/23-24/612,CUS00014,Item,Annapurna Atta,ATTA100,ANNP WH-FF 10KG,2023-07-11 00:00:00,2023-07-11 00:00:00,AD,Andhra Pradesh,HINDUSTAN UNILEVER LIMITED,60,600,PAC,498.05,29883,0,
,UCPL/23-24/612,CUS00014,Item,Annapurna Atta,ATTB100,ANNP WH-FF 5KG LP RL,2023-07-11 00:00:00,2023-07-11 00:00:00,AD,Andhra Pradesh,HINDUSTAN UNILEVER LIMITED,594,2970,PAC,254.04,150899.76,0,
,UCPL/23-24/612,CUS00014,Item,Annapurna Atta,ATTC100,ANNP WH-FF 1KG LP RL,2023-07-11 00:00:00,2023-07-11 00:00:00,AD,Andhra Pradesh,HINDUSTAN UNILEVER LIMITED,6000,6000,PAC,52.16,312960,0,
,UCPL/23-24/612,CUS00014,Item,Annapurna Atta,ATTB100,ANNP WH-FF 5KG LP RL,2023-07-11 00:00:00,2023-07-11 00:00:00,AD,Andhra Pradesh,HINDUSTAN UNILEVER LIMITED,1686,8430,PAC,254.04,428311.44,0,
,UCPL/23-24/613,CUS00003,Item,Annapurna Atta,ATTA100,ANNP WH-FF 10KG,2023-07-11 00:00:00,2023-07-11 00:00:00,KA,Karnataka,CFACHK-Linfox Logistics (I) Pvt Ltd,1800,18000,PAC,487.98,878364,0,
,UCPL/23-24/613,CUS00003,Item,Annapurna Atta,ATTB100,ANNP WH-FF 5KG LP RL,2023-07-11 00:00:00,2023-07-11 00:00:00,KA,Karnataka,CFACHK-Linfox Logistics (I) Pvt Ltd,0,0,PAC,250.48,0,0,
,UCPL/23-24/613,CUS00003,Item,Annapurna Atta,ATTC100,ANNP WH-FF 1KG LP RL,2023-07-11 00:00:00,2023-07-11 00:00:00,KA,Karnataka,CFACHK-Linfox Logistics (I) Pvt Ltd,0,0,PAC,52.87,0,0,
,UCPL/23-24/614,CUS00003,Item,Annapurna Atta,ATTA100,ANNP WH-FF 10KG,2023-07-11 00:00:00,2023-07-11 00:00:00,KA,Karnataka,CFACHK-Linfox Logistics (I) Pvt Ltd,1500,15000,PAC,487.98,731970,0,
,UCPL/23-24/614,CUS00003,Item,Annapurna Atta,ATTB100,ANNP WH-FF 5KG LP RL,2023-07-11 00:00:00,2023-07-11 00:00:00,KA,Karnataka,CFACHK-Linfox Logistics (I) Pvt Ltd,594,2970,PAC,250.48,148785.12,0,
,UCPL/23-24/614,CUS00003,Item,Annapurna Atta,ATTC100,ANNP WH-FF 1KG LP RL,2023-07-11 00:00:00,2023-07-11 00:00:00,KA,Karnataka,CFACHK-Linfox Logistics (I) Pvt Ltd,0,0,PAC,52.87,0,0,
,UCPL/23-24/614,CUS00003,Item,Annapurna Atta,ATTB100,ANNP WH-FF 5KG LP RL,2023-07-11 00:00:00,2023-07-11 00:00:00,KA,Karnataka,CFACHK-Linfox Logistics (I) Pvt Ltd,6,30,PAC,250.48,1502.88,0,
,UCPL/23-24/615,CUS00003,Item,Annapurna Salt,ANNW100,Anp 1 kg * 25kg pack  Relaunch,2023-07-12 00:00:00,2023-07-12 00:00:00,KA,Karnataka,INTELLIGENT RETAIL P LTD  RS CODE-43A633,12000,12000,PAC,15.84,190080,0,
,UCPL/23-24/615,CUS00003,Item,Annapurna Salt,ANNX100,Anp Crystal 1 * 25 kg Relaunch,2023-07-12 00:00:00,2023-07-12 00:00:00,KA,Karnataka,INTELLIGENT RETAIL P LTD  RS CODE-43A633,6000,6000,PAC,12.99,77940,0,
,UCPL/23-24/616,CUS00003,Item,Annapurna Salt,ANNW100,Anp 1 kg * 25kg pack  Relaunch,2023-07-12 00:00:00,2023-07-12 00:00:00,KA,Karnataka,SHAKTHI INNOVATION  RS CODE-430473,12200,12200,PAC,15.84,193248,0,
,UCPL/23-24/616,CUS00003,Item,Annapurna Salt,ANNX100,Anp Crystal 1 * 25 kg Relaunch,2023-07-12 00:00:00,2023-07-12 00:00:00,KA,Karnataka,SHAKTHI INNOVATION  RS CODE-430473,12000,12000,PAC,12.99,155880,0,
,UCPL/23-24/616,CUS00003,Item,Annapurna Salt,ANNY100,ANNP IODPD SALT 500G,2023-07-12 00:00:00,2023-07-12 00:00:00,KA,Karnataka,SHAKTHI INNOVATION  RS CODE-430473,0,0,PAC,8.09,0,0,
,UCPL/23-24/617,CUS00003,Item,Annapurna Salt,ANNW100,Anp 1 kg * 25kg pack  Relaunch,2023-07-12 00:00:00,2023-07-12 00:00:00,KA,Karnataka,H M NAVEEN RAJ   RS CODE-43A153,8900,8900,PAC,15.84,140976,0,
,UCPL/23-24/617,CUS00003,Item,Annapurna Salt,ANNX100,Anp Crystal 1 * 25 kg Relaunch,2023-07-12 00:00:00,2023-07-12 00:00:00,KA,Karnataka,H M NAVEEN RAJ   RS CODE-43A153,11500,11500,PAC,12.99,149385,0,
,UCPL/23-24/617,CUS00003,Item,Annapurna Salt,ANNY100,ANNP IODPD SALT 500G,2023-07-12 00:00:00,2023-07-12 00:00:00,KA,Karnataka,H M NAVEEN RAJ   RS CODE-43A153,7500,3750,PAC,8.09,60675,0,
,UCPL/23-24/618,CUS00014,Item,Annapurna Atta,ATTA100,ANNP WH-FF 10KG,2023-07-12 00:00:00,2023-07-12 00:00:00,AD,Andhra Pradesh,HINDUSTAN UNILEVER LIMITED,0,0,PAC,498.05,0,0,
,UCPL/23-24/618,CUS00014,Item,Annapurna Atta,ATTB100,ANNP WH-FF 5KG LP RL,2023-07-12 00:00:00,2023-07-12 00:00:00,AD,Andhra Pradesh,HINDUSTAN UNILEVER LIMITED,0,0,PAC,254.04,0,0,
,UCPL/23-24/618,CUS00014,Item,Annapurna Atta,ATTC100,ANNP WH-FF 1KG LP RL,2023-07-12 00:00:00,2023-07-12 00:00:00,AD,Andhra Pradesh,HINDUSTAN UNILEVER LIMITED,14460,14460,PAC,52.16,754233.6,0,
,UCPL/23-24/618,CUS00014,Item,Annapurna Atta,ATTB100,ANNP WH-FF 5KG LP RL,2023-07-12 00:00:00,2023-07-12 00:00:00,AD,Andhra Pradesh,HINDUSTAN UNILEVER LIMITED,0,0,PAC,254.04,0,0,
,UCPL/23-24/618,CUS00014,Item,Annapurna Atta,ATTC100,ANNP WH-FF 1KG LP RL,2023-07-12 00:00:00,2023-07-12 00:00:00,AD,Andhra Pradesh,HINDUSTAN UNILEVER LIMITED,9540,9540,PAC,52.16,497606.4,0,
,UCPL/23-24/619,CUS00003,Item,Annapurna Salt,ANNW100,Anp 1 kg * 25kg pack  Relaunch,2023-07-12 00:00:00,2023-07-12 00:00:00,KA,Karnataka,Nandi Marketing   RS CODE-431719,10175,10175,PAC,15.84,161172,0,
,UCPL/23-24/619,CUS00003,Item,Annapurna Salt,ANNX100,Anp Crystal 1 * 25 kg Relaunch,2023-07-12 00:00:00,2023-07-12 00:00:00,KA,Karnataka,Nandi Marketing   RS CODE-431719,14000,14000,PAC,12.99,181860,0,
,UCPL/23-24/619,CUS00003,Item,Annapurna Salt,ANNY100,ANNP IODPD SALT 500G,2023-07-12 00:00:00,2023-07-12 00:00:00,KA,Karnataka,Nandi Marketing   RS CODE-431719,0,0,PAC,8.09,0,0,
,UCPL/23-24/620,CUS00001,Item,Annapurna Atta,ATTA100,ANNP WH-FF 10KG,2023-07-12 00:00:00,2023-07-12 00:00:00,TS,Andhra Pradesh,Hindustan Unilever Ltd CSA C/o Srinivasa Logistics,0,0,PAC,498.05,0,0,
,UCPL/23-24/620,CUS00001,Item,Annapurna Atta,ATTB100,ANNP WH-FF 5KG LP RL,2023-07-12 00:00:00,2023-07-12 00:00:00,TS,Andhra Pradesh,Hindustan Unilever Ltd CSA C/o Srinivasa Logistics,546,2730,PAC,254.04,138705.84,0,
,UCPL/23-24/620,CUS00001,Item,Annapurna Atta,ATTC100,ANNP WH-FF 1KG LP RL,2023-07-12 00:00:00,2023-07-12 00:00:00,TS,Andhra Pradesh,Hindustan Unilever Ltd CSA C/o Srinivasa Logistics,9000,9000,PAC,52.16,469440,0,
,UCPL/23-24/620,CUS00001,Item,Annapurna Atta,ATTC100,ANNP WH-FF 1KG LP RL,2023-07-12 00:00:00,2023-07-12 00:00:00,TS,Andhra Pradesh,Hindustan Unilever Ltd CSA C/o Srinivasa Logistics,0,0,PAC,52.16,0,0,
,UCPL/23-24/620,CUS00001,Item,Annapurna Atta,ATTA100,ANNP WH-FF 10KG,2023-07-12 00:00:00,2023-07-12 00:00:00,TS,Andhra Pradesh,Hindustan Unilever Ltd CSA C/o Srinivasa Logistics,0,0,PAC,498.05,0,0,
,UCPL/23-24/620,CUS00001,Item,Annapurna Atta,ATTB100,ANNP WH-FF 5KG LP RL,2023-07-12 00:00:00,2023-07-12 00:00:00,TS,Andhra Pradesh,Hindustan Unilever Ltd CSA C/o Srinivasa Logistics,1254,6270,PAC,254.04,318566.16,0,
,UCPL/23-24/621,CUS00003,Item,Annapurna Atta,ATTA100,ANNP WH-FF 10KG,2023-07-12 00:00:00,2023-07-12 00:00:00,KA,Karnataka,CFACHK-Linfox Logistics (I) Pvt Ltd,0,0,PAC,487.98,0,0,
,UCPL/23-24/621,CUS00003,Item,Annapurna Atta,ATTB100,ANNP WH-FF 5KG LP RL,2023-07-12 00:00:00,2023-07-12 00:00:00,KA,Karnataka,CFACHK-Linfox Logistics (I) Pvt Ltd,1200,6000,PAC,250.48,300576,0,
,UCPL/23-24/621,CUS00003,Item,Annapurna Atta,ATTC100,ANNP WH-FF 1KG LP RL,2023-07-12 00:00:00,2023-07-12 00:00:00,KA,Karnataka,CFACHK-Linfox Logistics (I) Pvt Ltd,12000,12000,PAC,52.87,634440,0,
,UCPL/23-24/621,CUS00003,Item,Annapurna Atta,ATTB100,ANNP WH-FF 5KG LP RL,2023-07-12 00:00:00,2023-07-12 00:00:00,KA,Karnataka,CFACHK-Linfox Logistics (I) Pvt Ltd,0,0,PAC,250.48,0,0,
,UCPL/23-24/622,CUS00003,Item,Annapurna Salt,ANNW100,Anp 1 kg * 25kg pack  Relaunch,2023-07-13 00:00:00,2023-07-13 00:00:00,KA,Karnataka,GEETHA ENTERPRISES   RS CODE-43A481,8000,8000,PAC,15.84,126720,0,
,UCPL/23-24/622,CUS00003,Item,Annapurna Salt,ANNX100,Anp Crystal 1 * 25 kg Relaunch,2023-07-13 00:00:00,2023-07-13 00:00:00,KA,Karnataka,GEETHA ENTERPRISES   RS CODE-43A481,10000,10000,PAC,12.99,129900,0,
,UCPL/23-24/622,CUS00003,Item,Annapurna Salt,ANNY100,ANNP IODPD SALT 500G,2023-07-13 00:00:00,2023-07-13 00:00:00,KA,Karnataka,GEETHA ENTERPRISES   RS CODE-43A481,0,0,PAC,8.09,0,0,
,UCPL/23-24/623,CUS00003,Item,Annapurna Salt,ANNW100,Anp 1 kg * 25kg pack  Relaunch,2023-07-13 00:00:00,2023-07-13 00:00:00,KA,Karnataka,KAMAL ENTERPRISES  RS CODE-431554,6000,6000,PAC,15.84,95040,0,
,UCPL/23-24/623,CUS00003,Item,Annapurna Salt,ANNX100,Anp Crystal 1 * 25 kg Relaunch,2023-07-13 00:00:00,2023-07-13 00:00:00,KA,Karnataka,KAMAL ENTERPRISES  RS CODE-431554,12000,12000,PAC,12.99,155880,0,
,UCPL/23-24/623,CUS00003,Item,Annapurna Salt,ANNY100,ANNP IODPD SALT 500G,2023-07-13 00:00:00,2023-07-13 00:00:00,KA,Karnataka,KAMAL ENTERPRISES  RS CODE-431554,0,0,PAC,8.09,0,0,
,UCPL/23-24/624,CUS00003,Item,Annapurna Salt,ANNW100,Anp 1 kg * 25kg pack  Relaunch,2023-07-13 00:00:00,2023-07-13 00:00:00,KA,Karnataka,MATHRUSHREE ENTERPRISES  RS CODE-43A591,9000,9000,PAC,15.84,142560,0,
,UCPL/23-24/624,CUS00003,Item,Annapurna Salt,ANNX100,Anp Crystal 1 * 25 kg Relaunch,2023-07-13 00:00:00,2023-07-13 00:00:00,KA,Karnataka,MATHRUSHREE ENTERPRISES  RS CODE-43A591,9000,9000,PAC,12.99,116910,0,
,UCPL/23-24/624,CUS00003,Item,Annapurna Salt,ANNY100,ANNP IODPD SALT 500G,2023-07-13 00:00:00,2023-07-13 00:00:00,KA,Karnataka,MATHRUSHREE ENTERPRISES  RS CODE-43A591,0,0,PAC,8.09,0,0,
,UCPL/23-24/624,CUS00003,Item,Captain Cook Salt,ACCZ100,CC 1 kg * 25kg pack  New Code,2023-07-13 00:00:00,2023-07-13 00:00:00,KA,Karnataka,MATHRUSHREE ENTERPRISES  RS CODE-43A591,0,0,PAC,15.74,0,0,
,UCPL/23-24/625,CUS00014,Item,Annapurna Atta,ATTA100,ANNP WH-FF 10KG,2023-07-13 00:00:00,2023-07-13 00:00:00,AD,Andhra Pradesh,HINDUSTAN UNILEVER LIMITED,90,900,PAC,498.05,44824.5,0,
,UCPL/23-24/625,CUS00014,Item,Annapurna Atta,ATTB100,ANNP WH-FF 5KG LP RL,2023-07-13 00:00:00,2023-07-13 00:00:00,AD,Andhra Pradesh,HINDUSTAN UNILEVER LIMITED,900,4500,PAC,254.04,228636,0,
,UCPL/23-24/625,CUS00014,Item,Annapurna Atta,ATTC100,ANNP WH-FF 1KG LP RL,2023-07-13 00:00:00,2023-07-13 00:00:00,AD,Andhra Pradesh,HINDUSTAN UNILEVER LIMITED,12210,12210,PAC,52.16,636873.6,0,
,UCPL/23-24/625,CUS00014,Item,Annapurna Atta,ATTC100,ANNP WH-FF 1KG LP RL,2023-07-13 00:00:00,2023-07-13 00:00:00,AD,Andhra Pradesh,HINDUSTAN UNILEVER LIMITED,6390,6390,PAC,52.16,333302.4,0,
,UCPL/23-24/626,CUS00011,Item,Annapurna Salt,ANNZ100,ANNP IODPD SALT 450g Relaunch,2023-07-13 00:00:00,2023-07-13 00:00:00,MH,Maharashtra,RAGHUNANDAN AGENCY  RS CODE- KOLH 131862,17000,7650,PAC,6.83,116110,0,
,UCPL/23-24/626,CUS00011,Item,Annapurna Salt,ANNW100,Anp 1 kg * 25kg pack  Relaunch,2023-07-13 00:00:00,2023-07-13 00:00:00,MH,Maharashtra,RAGHUNANDAN AGENCY  RS CODE- KOLH 131862,9350,9350,PAC,11.84,110704,0,
,UCPL/23-24/626,CUS00011,Item,Captain Cook Salt,ACCZ100,CC 1 kg * 25kg pack  New Code,2023-07-13 00:00:00,2023-07-13 00:00:00,MH,Maharashtra,RAGHUNANDAN AGENCY  RS CODE- KOLH 131862,6500,6500,PAC,12.04,78260,0,
,UCPL/23-24/627,CUS00011,Item,Annapurna Salt,ANNZ100,ANNP IODPD SALT 450g Relaunch,2023-07-13 00:00:00,2023-07-13 00:00:00,MH,Maharashtra,Dynamic trading company   KOLH-10A937,0,0,PAC,6.83,0,0,
,UCPL/23-24/627,CUS00011,Item,Annapurna Salt,ANNW100,Anp 1 kg * 25kg pack  Relaunch,2023-07-13 00:00:00,2023-07-13 00:00:00,MH,Maharashtra,Dynamic trading company   KOLH-10A937,0,0,PAC,11.84,0,0,
,UCPL/23-24/627,CUS00011,Item,Captain Cook Salt,ACCZ100,CC 1 kg * 25kg pack  New Code,2023-07-13 00:00:00,2023-07-13 00:00:00,MH,Maharashtra,Dynamic trading company   KOLH-10A937,23500,23500,PAC,12.04,282940,0,
,UCPL/23-24/628,CUS00003,Item,Annapurna Atta,ATTA100,ANNP WH-FF 10KG,2023-07-13 00:00:00,2023-07-13 00:00:00,KA,Karnataka,CFACHK-Linfox Logistics (I) Pvt Ltd,0,0,PAC,487.98,0,0,
,UCPL/23-24/628,CUS00003,Item,Annapurna Atta,ATTB100,ANNP WH-FF 5KG LP RL,2023-07-13 00:00:00,2023-07-13 00:00:00,KA,Karnataka,CFACHK-Linfox Logistics (I) Pvt Ltd,0,0,PAC,250.48,0,0,
,UCPL/23-24/628,CUS00003,Item,Annapurna Atta,ATTC100,ANNP WH-FF 1KG LP RL,2023-07-13 00:00:00,2023-07-13 00:00:00,KA,Karnataka,CFACHK-Linfox Logistics (I) Pvt Ltd,18000,18000,PAC,52.87,951660,0,
,UCPL/23-24/629,CUS00011,Item,Captain Cook Salt,ACCZ100,CC 1 kg * 25kg pack  New Code,2023-07-13 00:00:00,2023-07-13 00:00:00,MH,Maharashtra,Chhotubhai agencies -KOLH-130751,30600,30600,PAC,12.04,368424,0,
,UCPL/23-24/630,CUS00003,Item,Annapurna Atta,ATTA100,ANNP WH-FF 10KG,2023-07-13 00:00:00,2023-07-13 00:00:00,KA,Karnataka,CFACHK-Linfox Logistics (I) Pvt Ltd,0,0,PAC,487.98,0,0,
,UCPL/23-24/630,CUS00003,Item,Annapurna Atta,ATTB100,ANNP WH-FF 5KG LP RL,2023-07-13 00:00:00,2023-07-13 00:00:00,KA,Karnataka,CFACHK-Linfox Logistics (I) Pvt Ltd,2166,10830,PAC,250.48,542539.68,0,
,UCPL/23-24/630,CUS00003,Item,Annapurna Atta,ATTC100,ANNP WH-FF 1KG LP RL,2023-07-13 00:00:00,2023-07-13 00:00:00,KA,Karnataka,CFACHK-Linfox Logistics (I) Pvt Ltd,0,0,PAC,52.87,0,0,
,UCPL/23-24/630,CUS00003,Item,Annapurna Atta,ATTB100,ANNP WH-FF 5KG LP RL,2023-07-13 00:00:00,2023-07-13 00:00:00,KA,Karnataka,CFACHK-Linfox Logistics (I) Pvt Ltd,858,4290,PAC,250.48,214911.84,0,
,UCPL/23-24/630,CUS00003,Item,Annapurna Atta,ATTB100,ANNP WH-FF 5KG LP RL,2023-07-13 00:00:00,2023-07-13 00:00:00,KA,Karnataka,CFACHK-Linfox Logistics (I) Pvt Ltd,120,600,PAC,250.48,30057.6,0,
,UCPL/23-24/630,CUS00003,Item,Annapurna Atta,ATTB100,ANNP WH-FF 5KG LP RL,2023-07-13 00:00:00,2023-07-13 00:00:00,KA,Karnataka,CFACHK-Linfox Logistics (I) Pvt Ltd,300,1500,PAC,250.48,75144,0,
,UCPL/23-24/630,CUS00003,Item,Annapurna Atta,ATTB100,ANNP WH-FF 5KG LP RL,2023-07-13 00:00:00,2023-07-13 00:00:00,KA,Karnataka,CFACHK-Linfox Logistics (I) Pvt Ltd,156,780,PAC,250.48,39074.88,0,
,UCPL/23-24/631,CUS00001,Item,Annapurna Atta,ATTA100,ANNP WH-FF 10KG,2023-07-13 00:00:00,2023-07-13 00:00:00,TS,Andhra Pradesh,Hindustan Unilever Ltd CSA C/o Srinivasa Logistics,0,0,PAC,498.05,0,0,
,UCPL/23-24/631,CUS00001,Item,Annapurna Atta,ATTB100,ANNP WH-FF 5KG LP RL,2023-07-13 00:00:00,2023-07-13 00:00:00,TS,Andhra Pradesh,Hindustan Unilever Ltd CSA C/o Srinivasa Logistics,0,0,PAC,254.04,0,0,
,UCPL/23-24/631,CUS00001,Item,Annapurna Atta,ATTC100,ANNP WH-FF 1KG LP RL,2023-07-13 00:00:00,2023-07-13 00:00:00,TS,Andhra Pradesh,Hindustan Unilever Ltd CSA C/o Srinivasa Logistics,60,60,PAC,52.16,3129.6,0,
,UCPL/23-24/631,CUS00001,Item,Annapurna Atta,ATTC100,ANNP WH-FF 1KG LP RL,2023-07-13 00:00:00,2023-07-13 00:00:00,TS,Andhra Pradesh,Hindustan Unilever Ltd CSA C/o Srinivasa Logistics,17940,17940,PAC,52.16,935750.4,0,
,UCPL/23-24/632,CUS00003,Item,Annapurna Atta,ATTA100,ANNP WH-FF 10KG,2023-07-13 00:00:00,2023-07-13 00:00:00,KA,Karnataka,CFACHK-Linfox Logistics (I) Pvt Ltd,0,0,PAC,487.98,0,0,
,UCPL/23-24/632,CUS00003,Item,Annapurna Atta,ATTB100,ANNP WH-FF 5KG LP RL,2023-07-13 00:00:00,2023-07-13 00:00:00,KA,Karnataka,CFACHK-Linfox Logistics (I) Pvt Ltd,3600,18000,PAC,250.48,901728,0,
,UCPL/23-24/632,CUS00003,Item,Annapurna Atta,ATTC100,ANNP WH-FF 1KG LP RL,2023-07-13 00:00:00,2023-07-13 00:00:00,KA,Karnataka,CFACHK-Linfox Logistics (I) Pvt Ltd,0,0,PAC,52.87,0,0,
,UCPL/23-24/632,CUS00003,Item,Annapurna Atta,ATTB100,ANNP WH-FF 5KG LP RL,2023-07-13 00:00:00,2023-07-13 00:00:00,KA,Karnataka,CFACHK-Linfox Logistics (I) Pvt Ltd,0,0,PAC,250.48,0,0,
,UCPL/23-24/632,CUS00003,Item,Annapurna Atta,ATTB100,ANNP WH-FF 5KG LP RL,2023-07-13 00:00:00,2023-07-13 00:00:00,KA,Karnataka,CFACHK-Linfox Logistics (I) Pvt Ltd,0,0,PAC,250.48,0,0,
,UCPL/23-24/632,CUS00003,Item,Annapurna Atta,ATTB100,ANNP WH-FF 5KG LP RL,2023-07-13 00:00:00,2023-07-13 00:00:00,KA,Karnataka,CFACHK-Linfox Logistics (I) Pvt Ltd,0,0,PAC,250.48,0,0,
,UCPL/23-24/632,CUS00003,Item,Annapurna Atta,ATTB100,ANNP WH-FF 5KG LP RL,2023-07-13 00:00:00,2023-07-13 00:00:00,KA,Karnataka,CFACHK-Linfox Logistics (I) Pvt Ltd,0,0,PAC,250.48,0,0,
,UCPL/23-24/633,CUS00001,Item,Annapurna Atta,ATTA100,ANNP WH-FF 10KG,2023-07-13 00:00:00,2023-07-13 00:00:00,TS,Andhra Pradesh,Hindustan Unilever Ltd CSA C/o Srinivasa Logistics,1152,11520,PAC,498.05,573753.6,0,
,UCPL/23-24/633,CUS00001,Item,Annapurna Atta,ATTB100,ANNP WH-FF 5KG LP RL,2023-07-13 00:00:00,2023-07-13 00:00:00,TS,Andhra Pradesh,Hindustan Unilever Ltd CSA C/o Srinivasa Logistics,900,4500,PAC,254.04,228636,0,
,UCPL/23-24/633,CUS00001,Item,Annapurna Atta,ATTC100,ANNP WH-FF 1KG LP RL,2023-07-13 00:00:00,2023-07-13 00:00:00,TS,Andhra Pradesh,Hindustan Unilever Ltd CSA C/o Srinivasa Logistics,0,0,PAC,52.16,0,0,
,UCPL/23-24/633,CUS00001,Item,Annapurna Atta,ATTC100,ANNP WH-FF 1KG LP RL,2023-07-13 00:00:00,2023-07-13 00:00:00,TS,Andhra Pradesh,Hindustan Unilever Ltd CSA C/o Srinivasa Logistics,0,0,PAC,52.16,0,0,
,UCPL/23-24/633,CUS00001,Item,Annapurna Atta,ATTA100,ANNP WH-FF 10KG,2023-07-13 00:00:00,2023-07-13 00:00:00,TS,Andhra Pradesh,Hindustan Unilever Ltd CSA C/o Srinivasa Logistics,198,1980,PAC,498.05,98613.9,0,
,UCPL/23-24/634,CUS00003,Item,Annapurna Atta,ATTA100,ANNP WH-FF 10KG,2023-07-13 00:00:00,2023-07-13 00:00:00,KA,Karnataka,CFACHK-Linfox Logistics (I) Pvt Ltd,900,9000,PAC,487.98,439182,0,
,UCPL/23-24/634,CUS00003,Item,Annapurna Atta,ATTB100,ANNP WH-FF 5KG LP RL,2023-07-13 00:00:00,2023-07-13 00:00:00,KA,Karnataka,CFACHK-Linfox Logistics (I) Pvt Ltd,0,0,PAC,250.48,0,0,
,UCPL/23-24/634,CUS00003,Item,Annapurna Atta,ATTC100,ANNP WH-FF 1KG LP RL,2023-07-13 00:00:00,2023-07-13 00:00:00,KA,Karnataka,CFACHK-Linfox Logistics (I) Pvt Ltd,9000,9000,PAC,52.87,475830,0,
,UCPL/23-24/634,CUS00003,Item,Annapurna Atta,ATTB100,ANNP WH-FF 5KG LP RL,2023-07-13 00:00:00,2023-07-13 00:00:00,KA,Karnataka,CFACHK-Linfox Logistics (I) Pvt Ltd,0,0,PAC,250.48,0,0,
,UCPL/23-24/634,CUS00003,Item,Annapurna Atta,ATTB100,ANNP WH-FF 5KG LP RL,2023-07-13 00:00:00,2023-07-13 00:00:00,KA,Karnataka,CFACHK-Linfox Logistics (I) Pvt Ltd,0,0,PAC,250.48,0,0,
,UCPL/23-24/634,CUS00003,Item,Annapurna Atta,ATTB100,ANNP WH-FF 5KG LP RL,2023-07-13 00:00:00,2023-07-13 00:00:00,KA,Karnataka,CFACHK-Linfox Logistics (I) Pvt Ltd,0,0,PAC,250.48,0,0,
,UCPL/23-24/634,CUS00003,Item,Annapurna Atta,ATTB100,ANNP WH-FF 5KG LP RL,2023-07-13 00:00:00,2023-07-13 00:00:00,KA,Karnataka,CFACHK-Linfox Logistics (I) Pvt Ltd,0,0,PAC,250.48,0,0,
,UCPL/23-24/635,CUS00014,Item,Annapurna Atta,ATTA100,ANNP WH-FF 10KG,2023-07-13 00:00:00,2023-07-13 00:00:00,AD,Andhra Pradesh,HINDUSTAN UNILEVER LIMITED,0,0,PAC,498.05,0,0,
,UCPL/23-24/635,CUS00014,Item,Annapurna Atta,ATTB100,ANNP WH-FF 5KG LP RL,2023-07-13 00:00:00,2023-07-13 00:00:00,AD,Andhra Pradesh,HINDUSTAN UNILEVER LIMITED,0,0,PAC,254.04,0,0,
,UCPL/23-24/635,CUS00014,Item,Annapurna Atta,ATTC100,ANNP WH-FF 1KG LP RL,2023-07-13 00:00:00,2023-07-13 00:00:00,AD,Andhra Pradesh,HINDUSTAN UNILEVER LIMITED,12000,12000,PAC,52.16,625920,0,
,UCPL/23-24/635,CUS00014,Item,Annapurna Atta,ATTC100,ANNP WH-FF 1KG LP RL,2023-07-13 00:00:00,2023-07-13 00:00:00,AD,Andhra Pradesh,HINDUSTAN UNILEVER LIMITED,0,0,PAC,52.16,0,0,
,UCPL/23-24/636,CUS00014,Item,Annapurna Atta,ATTB100,ANNP WH-FF 5KG LP RL,2023-07-13 00:00:00,2023-07-13 00:00:00,AD,Andhra Pradesh,HINDUSTAN UNILEVER LIMITED,420,2100,PAC,254.03,106692.6,0,
,UCPL/23-24/636,CUS00014,Item,Annapurna Atta,ATTC100,ANNP WH-FF 1KG LP RL,2023-07-13 00:00:00,2023-07-13 00:00:00,AD,Andhra Pradesh,HINDUSTAN UNILEVER LIMITED,3900,3900,PAC,52.16,203424,0,
,UCPL/23-24/637,CUS00003,Item,Annapurna Salt,ANNW100,Anp 1 kg * 25kg pack  Relaunch,2023-07-14 00:00:00,2023-07-14 00:00:00,KA,Karnataka,SHREE MOOKAMBIKA MARKETING  RS CODE-431270,10500,10500,PAC,15.84,166320,0,
,UCPL/23-24/637,CUS00003,Item,Annapurna Salt,ANNX100,Anp Crystal 1 * 25 kg Relaunch,2023-07-14 00:00:00,2023-07-14 00:00:00,KA,Karnataka,SHREE MOOKAMBIKA MARKETING  RS CODE-431270,7500,7500,PAC,12.99,97425,0,
,UCPL/23-24/637,CUS00003,Item,Annapurna Salt,ANNY100,ANNP IODPD SALT 500G,2023-07-14 00:00:00,2023-07-14 00:00:00,KA,Karnataka,SHREE MOOKAMBIKA MARKETING  RS CODE-431270,0,0,PAC,8.09,0,0,
,UCPL/23-24/637,CUS00003,Item,Captain Cook Salt,ACCZ100,CC 1 kg * 25kg pack  New Code,2023-07-14 00:00:00,2023-07-14 00:00:00,KA,Karnataka,SHREE MOOKAMBIKA MARKETING  RS CODE-431270,0,0,PAC,15.74,0,0,
,UCPL/23-24/638,CUS00003,Item,Annapurna Salt,ANNW100,Anp 1 kg * 25kg pack  Relaunch,2023-07-14 00:00:00,2023-07-14 00:00:00,KA,Karnataka,S L N ENTERPRISES   RS CODE-43A720,6150,6150,PAC,15.84,97416,0,
,UCPL/23-24/638,CUS00003,Item,Annapurna Salt,ANNX100,Anp Crystal 1 * 25 kg Relaunch,2023-07-14 00:00:00,2023-07-14 00:00:00,KA,Karnataka,S L N ENTERPRISES   RS CODE-43A720,10000,10000,PAC,12.99,129900,0,
,UCPL/23-24/638,CUS00003,Item,Annapurna Salt,ANNY100,ANNP IODPD SALT 500G,2023-07-14 00:00:00,2023-07-14 00:00:00,KA,Karnataka,S L N ENTERPRISES   RS CODE-43A720,0,0,PAC,8.09,0,0,
,UCPL/23-24/638,CUS00003,Item,Captain Cook Salt,ACCZ100,CC 1 kg * 25kg pack  New Code,2023-07-14 00:00:00,2023-07-14 00:00:00,KA,Karnataka,S L N ENTERPRISES   RS CODE-43A720,0,0,PAC,15.74,0,0,
,UCPL/23-24/639,CUS00003,Item,Annapurna Salt,ANNW100,Anp 1 kg * 25kg pack  Relaunch,2023-07-14 00:00:00,2023-07-14 00:00:00,KA,Karnataka,SRIDEVI AGENCIES  RS CODE-43A751,2500,2500,PAC,15.84,39600,0,
,UCPL/23-24/639,CUS00003,Item,Annapurna Salt,ANNX100,Anp Crystal 1 * 25 kg Relaunch,2023-07-14 00:00:00,2023-07-14 00:00:00,KA,Karnataka,SRIDEVI AGENCIES  RS CODE-43A751,5500,5500,PAC,12.99,71445,0,
,UCPL/23-24/639,CUS00003,Item,Annapurna Salt,ANNY100,ANNP IODPD SALT 500G,2023-07-14 00:00:00,2023-07-14 00:00:00,KA,Karnataka,SRIDEVI AGENCIES  RS CODE-43A751,0,0,PAC,8.09,0,0,
,UCPL/23-24/639,CUS00003,Item,Captain Cook Salt,ACCZ100,CC 1 kg * 25kg pack  New Code,2023-07-14 00:00:00,2023-07-14 00:00:00,KA,Karnataka,SRIDEVI AGENCIES  RS CODE-43A751,0,0,PAC,15.74,0,0,
,UCPL/23-24/640,CUS00003,Item,Annapurna Atta,ATTA100,ANNP WH-FF 10KG,2023-07-14 00:00:00,2023-07-14 00:00:00,KA,Karnataka,CFACHK-Linfox Logistics (I) Pvt Ltd,0,0,PAC,487.98,0,0,
,UCPL/23-24/640,CUS00003,Item,Annapurna Atta,ATTB100,ANNP WH-FF 5KG LP RL,2023-07-14 00:00:00,2023-07-14 00:00:00,KA,Karnataka,CFACHK-Linfox Logistics (I) Pvt Ltd,0,0,PAC,250.48,0,0,
,UCPL/23-24/640,CUS00003,Item,Annapurna Atta,ATTC100,ANNP WH-FF 1KG LP RL,2023-07-14 00:00:00,2023-07-14 00:00:00,KA,Karnataka,CFACHK-Linfox Logistics (I) Pvt Ltd,14010,14010,PAC,52.87,740708.7,0,
,UCPL/23-24/640,CUS00003,Item,Annapurna Atta,ATTB100,ANNP WH-FF 5KG LP RL,2023-07-14 00:00:00,2023-07-14 00:00:00,KA,Karnataka,CFACHK-Linfox Logistics (I) Pvt Ltd,0,0,PAC,250.48,0,0,
,UCPL/23-24/640,CUS00003,Item,Annapurna Atta,ATTB100,ANNP WH-FF 5KG LP RL,2023-07-14 00:00:00,2023-07-14 00:00:00,KA,Karnataka,CFACHK-Linfox Logistics (I) Pvt Ltd,0,0,PAC,250.48,0,0,
,UCPL/23-24/640,CUS00003,Item,Annapurna Atta,ATTB100,ANNP WH-FF 5KG LP RL,2023-07-14 00:00:00,2023-07-14 00:00:00,KA,Karnataka,CFACHK-Linfox Logistics (I) Pvt Ltd,0,0,PAC,250.48,0,0,
,UCPL/23-24/640,CUS00003,Item,Annapurna Atta,ATTB100,ANNP WH-FF 5KG LP RL,2023-07-14 00:00:00,2023-07-14 00:00:00,KA,Karnataka,CFACHK-Linfox Logistics (I) Pvt Ltd,0,0,PAC,250.48,0,0,
,UCPL/23-24/640,CUS00003,Item,Annapurna Atta,ATTC100,ANNP WH-FF 1KG LP RL,2023-07-14 00:00:00,2023-07-14 00:00:00,KA,Karnataka,CFACHK-Linfox Logistics (I) Pvt Ltd,3990,3990,PAC,52.87,210951.3,0,
,UCPL/23-24/641,CUS00001,Item,Annapurna Atta,ATTA100,ANNP WH-FF 10KG,2023-07-14 00:00:00,2023-07-14 00:00:00,TS,Andhra Pradesh,Hindustan Unilever Ltd CSA C/o Srinivasa Logistics,0,0,PAC,498.05,0,0,
,UCPL/23-24/641,CUS00001,Item,Annapurna Atta,ATTB100,ANNP WH-FF 5KG LP RL,2023-07-14 00:00:00,2023-07-14 00:00:00,TS,Andhra Pradesh,Hindustan Unilever Ltd CSA C/o Srinivasa Logistics,0,0,PAC,254.04,0,0,
,UCPL/23-24/641,CUS00001,Item,Annapurna Atta,ATTC100,ANNP WH-FF 1KG LP RL,2023-07-14 00:00:00,2023-07-14 00:00:00,TS,Andhra Pradesh,Hindustan Unilever Ltd CSA C/o Srinivasa Logistics,18000,18000,PAC,52.16,938880,0,
,UCPL/23-24/641,CUS00001,Item,Annapurna Atta,ATTC100,ANNP WH-FF 1KG LP RL,2023-07-14 00:00:00,2023-07-14 00:00:00,TS,Andhra Pradesh,Hindustan Unilever Ltd CSA C/o Srinivasa Logistics,0,0,PAC,52.16,0,0,
,UCPL/23-24/641,CUS00001,Item,Annapurna Atta,ATTA100,ANNP WH-FF 10KG,2023-07-14 00:00:00,2023-07-14 00:00:00,TS,Andhra Pradesh,Hindustan Unilever Ltd CSA C/o Srinivasa Logistics,0,0,PAC,498.05,0,0,
,UCPL/23-24/642,CUS00010,Item,Annapurna Salt,ANNZ100,ANNP IODPD SALT 450g Relaunch,2023-07-14 00:00:00,2023-07-14 00:00:00,GJ,Gujarat,Sanklecha  salt suppliers -VABH-134734,0,0,PAC,6.83,0,0,
,UCPL/23-24/642,CUS00010,Item,Annapurna Salt,ANNW100,Anp 1 kg * 25kg pack  Relaunch,2023-07-14 00:00:00,2023-07-14 00:00:00,GJ,Gujarat,Sanklecha  salt suppliers -VABH-134734,0,0,PAC,11.84,0,0,
,UCPL/23-24/642,CUS00010,Item,Captain Cook Salt,ACCZ100,CC 1 kg * 25kg pack  New Code,2023-07-14 00:00:00,2023-07-14 00:00:00,GJ,Gujarat,Sanklecha  salt suppliers -VABH-134734,23500,23500,PAC,12.04,282940,0,
,UCPL/23-24/643,CUS00011,Item,Captain Cook Salt,ACCZ100,CC 1 kg * 25kg pack  New Code,2023-07-14 00:00:00,2023-07-14 00:00:00,MH,Maharashtra,Chhotubhai agencies -KOLH-130751,30600,30600,PAC,12.04,368424,0,
,UCPL/23-24/644,CUS00013,Item,Annapurna Salt,ANNW100,Anp 1 kg * 25kg pack  Relaunch,2023-07-14 00:00:00,2023-07-14 00:00:00,MH,Maharashtra,Om sales corp-NAGH-132820,23500,23500,PAC,11.84,278240,0,
,UCPL/23-24/645,CUS00008,Item,Annapurna Salt,ANNW100,Anp 1 kg * 25kg pack  Relaunch,2023-07-15 00:00:00,2023-07-13 00:00:00,BR,Bihar,CFAPTB Western Enterprises,588000,588000,PAC,8.24,4845120,0,
,UCPL/23-24/646,CUS00008,Item,Annapurna Salt,ANNZ100,ANNP IODPD SALT 450g Relaunch,2023-07-15 00:00:00,2023-07-13 00:00:00,BR,Bihar,CFAPTB Western Enterprises,621251,279562.95,PAC,3.79,2354541.29,0,
,UCPL/23-24/646,CUS00008,Item,Annapurna Salt,ANNZ100,ANNP IODPD SALT 450g Relaunch,2023-07-15 00:00:00,2023-07-13 00:00:00,BR,Bihar,CFAPTB Western Enterprises,834251,375412.95,PAC,3.79,3161811.29,0,
,UCPL/23-24/647,CUS00003,Item,Annapurna Salt,ANNW100,Anp 1 kg * 25kg pack  Relaunch,2023-07-15 00:00:00,2023-07-15 00:00:00,KA,Karnataka,DESHI AGENCIES  RS CODE-431160,10050,10050,PAC,15.84,159192,0,
,UCPL/23-24/647,CUS00003,Item,Annapurna Salt,ANNX100,Anp Crystal 1 * 25 kg Relaunch,2023-07-15 00:00:00,2023-07-15 00:00:00,KA,Karnataka,DESHI AGENCIES  RS CODE-431160,14125,14125,PAC,12.99,183483.75,0,
,UCPL/23-24/647,CUS00003,Item,Annapurna Salt,ANNY100,ANNP IODPD SALT 500G,2023-07-15 00:00:00,2023-07-15 00:00:00,KA,Karnataka,DESHI AGENCIES  RS CODE-431160,0,0,PAC,8.09,0,0,
,UCPL/23-24/648,CUS00004,Item,Annapurna Atta,ATTA100,ANNP WH-FF 10KG,2023-07-15 00:00:00,2023-07-15 00:00:00,TN,Tamil Nadu,Linfox Logistics (I) P Ltd,30,300,PAC,498.04,14941.2,0,
,UCPL/23-24/648,CUS00004,Item,Annapurna Atta,ATTB100,ANNP WH-FF 5KG LP RL,2023-07-15 00:00:00,2023-07-15 00:00:00,TN,Tamil Nadu,Linfox Logistics (I) P Ltd,72,360,PAC,271.42,19542.24,0,
,UCPL/23-24/648,CUS00004,Item,Annapurna Atta,ATTC100,ANNP WH-FF 1KG LP RL,2023-07-15 00:00:00,2023-07-15 00:00:00,TN,Tamil Nadu,Linfox Logistics (I) P Ltd,6090,6090,PAC,53.08,323257.2,0,
,UCPL/23-24/648,CUS00004,Item,Annapurna Atta,ATTB100,ANNP WH-FF 5KG LP RL,2023-07-15 00:00:00,2023-07-15 00:00:00,TN,Tamil Nadu,Linfox Logistics (I) P Ltd,708,3540,PAC,271.42,192165.36,0,
,UCPL/23-24/648,CUS00004,Item,Annapurna Atta,ATTC100,ANNP WH-FF 1KG LP RL,2023-07-15 00:00:00,2023-07-15 00:00:00,TN,Tamil Nadu,Linfox Logistics (I) P Ltd,7710,7710,PAC,53.08,409246.8,0,
,UCPL/23-24/649,CUS00003,Item,Annapurna Salt,ANNW100,Anp 1 kg * 25kg pack  Relaunch,2023-07-15 00:00:00,2023-07-15 00:00:00,KA,Karnataka,PRASHANTH ENTERPRISES  RS CODE-431782,17800,17800,PAC,15.84,281952,0,
,UCPL/23-24/649,CUS00003,Item,Annapurna Salt,ANNX100,Anp Crystal 1 * 25 kg Relaunch,2023-07-15 00:00:00,2023-07-15 00:00:00,KA,Karnataka,PRASHANTH ENTERPRISES  RS CODE-431782,5500,5500,PAC,12.99,71445,0,
,UCPL/23-24/649,CUS00003,Item,Annapurna Salt,ANNY100,ANNP IODPD SALT 500G,2023-07-15 00:00:00,2023-07-15 00:00:00,KA,Karnataka,PRASHANTH ENTERPRISES  RS CODE-431782,1000,500,PAC,8.09,8090,0,
,UCPL/23-24/649,CUS00003,Item,Captain Cook Salt,ACCZ100,CC 1 kg * 25kg pack  New Code,2023-07-15 00:00:00,2023-07-15 00:00:00,KA,Karnataka,PRASHANTH ENTERPRISES  RS CODE-431782,500,500,PAC,15.74,7870,0,
,UCPL/23-24/650,CUS00003,Item,Annapurna Salt,ANNW100,Anp 1 kg * 25kg pack  Relaunch,2023-07-17 00:00:00,2023-07-17 00:00:00,KA,Karnataka,ADARSHA AGENCIES  RS CODE-43A603,10000,10000,PAC,15.84,158400,0,
,UCPL/23-24/650,CUS00003,Item,Annapurna Salt,ANNX100,Anp Crystal 1 * 25 kg Relaunch,2023-07-17 00:00:00,2023-07-17 00:00:00,KA,Karnataka,ADARSHA AGENCIES  RS CODE-43A603,7250,7250,PAC,12.99,94177.5,0,
,UCPL/23-24/650,CUS00003,Item,Annapurna Salt,ANNY100,ANNP IODPD SALT 500G,2023-07-17 00:00:00,2023-07-17 00:00:00,KA,Karnataka,ADARSHA AGENCIES  RS CODE-43A603,1500,750,PAC,8.09,12135,0,
,UCPL/23-24/651,CUS00013,Item,Captain Cook Salt,ACCZ100,CC 1 kg * 25kg pack  New Code,2023-07-17 00:00:00,2023-07-17 00:00:00,MH,Maharashtra,Jagdeep trading co- NAGH-134404,34500,34500,PAC,12.04,415380,0,
,UCPL/23-24/652,CUS00007,Item,Captain Cook Salt,ACCZ100,CC 1 kg * 25kg pack  New Code,2023-07-18 00:00:00,2023-07-18 00:00:00,MH,Maharashtra,Bhavya distributors -BNDH-10B752,23500,23500,PAC,12.04,282940,0,
,UCPL/23-24/653,CUS00011,Item,Annapurna Salt,ANNZ100,ANNP IODPD SALT 450g Relaunch,2023-07-18 00:00:00,2023-07-18 00:00:00,MH,Maharashtra,Kolhapur-KOLH-10B207,0,0,PAC,6.83,0,0,
,UCPL/23-24/653,CUS00011,Item,Annapurna Salt,ANNW100,Anp 1 kg * 25kg pack  Relaunch,2023-07-18 00:00:00,2023-07-18 00:00:00,MH,Maharashtra,Kolhapur-KOLH-10B207,0,0,PAC,11.84,0,0,
,UCPL/23-24/653,CUS00011,Item,Captain Cook Salt,ACCZ100,CC 1 kg * 25kg pack  New Code,2023-07-18 00:00:00,2023-07-18 00:00:00,MH,Maharashtra,Kolhapur-KOLH-10B207,23500,23500,PAC,12.04,282940,0,
,UCPL/23-24/654,CUS00011,Item,Captain Cook Salt,ACCZ100,CC 1 kg * 25kg pack  New Code,2023-07-18 00:00:00,2023-07-18 00:00:00,MH,Maharashtra,Chhotubhai agencies -KOLH-130751,30600,30600,PAC,12.04,368424,0,
,UCPL/23-24/655,CUS00011,Item,Captain Cook Salt,ACCZ100,CC 1 kg * 25kg pack  New Code,2023-07-18 00:00:00,2023-07-18 00:00:00,MH,Maharashtra,Chhotubhai agencies -KOLH-130751,30600,30600,PAC,12.04,368424,0,
,UCPL/23-24/656,CUS00011,Item,Captain Cook Salt,ACCZ100,CC 1 kg * 25kg pack  New Code,2023-07-18 00:00:00,2023-07-18 00:00:00,MH,Maharashtra,Chhotubhai agencies -KOLH-130751,30600,30600,PAC,12.04,368424,0,
,UCPL/23-24/657,CUS00007,Item,Captain Cook Salt,ACCZ100,CC 1 kg * 25kg pack  New Code,2023-07-18 00:00:00,2023-07-18 00:00:00,MH,Maharashtra,Khanak marketing Kolhapur- BNDH-10B207,23500,23500,PAC,12.04,282940,0,
,UCPL/23-24/658,CUS00011,Item,Annapurna Salt,ANNW100,Anp 1 kg * 25kg pack  Relaunch,2023-07-18 00:00:00,2023-07-18 00:00:00,MH,Maharashtra,Choutubhai -KOLH-130751,20000,20000,PAC,11.84,236800,0,
,UCPL/23-24/658,CUS00011,Item,Captain Cook Salt,ACCZ100,CC 1 kg * 25kg pack  New Code,2023-07-18 00:00:00,2023-07-18 00:00:00,MH,Maharashtra,Choutubhai -KOLH-130751,10600,10600,PAC,12.04,127624,0,
,UCPL/23-24/659,CUS00013,Item,Annapurna Salt,ANNW100,Anp 1 kg * 25kg pack  Relaunch,2023-07-18 00:00:00,2023-07-18 00:00:00,MH,Maharashtra,Faruk kirana -NAGH-10B694,18500,18500,PAC,11.84,219040,0,
,UCPL/23-24/660,CUS00013,Item,Annapurna Salt,ANNW100,Anp 1 kg * 25kg pack  Relaunch,2023-07-18 00:00:00,2023-07-18 00:00:00,MH,Maharashtra,Mahaveer General- NAGH-10C061 ,5000,5000,PAC,11.84,59200,0,
,UCPL/23-24/661,CUS00003,Item,Annapurna Salt,ANNW100,Anp 1 kg * 25kg pack  Relaunch,2023-07-19 00:00:00,2023-07-19 00:00:00,KA,Karnataka,Supreet Sales Corporation RS CODE-431602,21225,21225,PAC,15.84,336204,0,
,UCPL/23-24/661,CUS00003,Item,Annapurna Salt,ANNX100,Anp Crystal 1 * 25 kg Relaunch,2023-07-19 00:00:00,2023-07-19 00:00:00,KA,Karnataka,Supreet Sales Corporation RS CODE-431602,0,0,PAC,12.99,0,0,
,UCPL/23-24/661,CUS00003,Item,Annapurna Salt,ANNY100,ANNP IODPD SALT 500G,2023-07-19 00:00:00,2023-07-19 00:00:00,KA,Karnataka,Supreet Sales Corporation RS CODE-431602,2500,1250,PAC,8.09,20225,0,
,UCPL/23-24/661,CUS00003,Item,Captain Cook Salt,ACCZ100,CC 1 kg * 25kg pack  New Code,2023-07-19 00:00:00,2023-07-19 00:00:00,KA,Karnataka,Supreet Sales Corporation RS CODE-431602,1875,1875,PAC,15.74,29512.5,0,
,UCPL/23-24/662,CUS00003,Item,Annapurna Salt,ANNW100,Anp 1 kg * 25kg pack  Relaunch,2023-07-19 00:00:00,2023-07-19 00:00:00,KA,Karnataka,I. K. DISTRIBUTORS   RS CODE-431738,14750,14750,PAC,15.84,233640,0,
,UCPL/23-24/662,CUS00003,Item,Annapurna Salt,ANNX100,Anp Crystal 1 * 25 kg Relaunch,2023-07-19 00:00:00,2023-07-19 00:00:00,KA,Karnataka,I. K. DISTRIBUTORS   RS CODE-431738,9500,9500,PAC,12.99,123405,0,
,UCPL/23-24/662,CUS00003,Item,Annapurna Salt,ANNY100,ANNP IODPD SALT 500G,2023-07-19 00:00:00,2023-07-19 00:00:00,KA,Karnataka,I. K. DISTRIBUTORS   RS CODE-431738,0,0,PAC,8.09,0,0,
,UCPL/23-24/662,CUS00003,Item,Captain Cook Salt,ACCZ100,CC 1 kg * 25kg pack  New Code,2023-07-19 00:00:00,2023-07-19 00:00:00,KA,Karnataka,I. K. DISTRIBUTORS   RS CODE-431738,0,0,PAC,15.74,0,0,
,UCPL/23-24/663,CUS00003,Item,Annapurna Salt,ANNW100,Anp 1 kg * 25kg pack  Relaunch,2023-07-19 00:00:00,2023-07-19 00:00:00,KA,Karnataka,SRI BALAJI ENTERPRISE  RS CODE-431674,2000,2000,PAC,15.84,31680,0,
,UCPL/23-24/663,CUS00003,Item,Annapurna Salt,ANNX100,Anp Crystal 1 * 25 kg Relaunch,2023-07-19 00:00:00,2023-07-19 00:00:00,KA,Karnataka,SRI BALAJI ENTERPRISE  RS CODE-431674,16000,16000,PAC,12.99,207840,0,
,UCPL/23-24/663,CUS00003,Item,Annapurna Salt,ANNY100,ANNP IODPD SALT 500G,2023-07-19 00:00:00,2023-07-19 00:00:00,KA,Karnataka,SRI BALAJI ENTERPRISE  RS CODE-431674,0,0,PAC,8.09,0,0,
,UCPL/23-24/663,CUS00003,Item,Captain Cook Salt,ACCZ100,CC 1 kg * 25kg pack  New Code,2023-07-19 00:00:00,2023-07-19 00:00:00,KA,Karnataka,SRI BALAJI ENTERPRISE  RS CODE-431674,0,0,PAC,15.74,0,0,
,UCPL/23-24/664,CUS00011,Item,Annapurna Salt,ANNW100,Anp 1 kg * 25kg pack  Relaunch,2023-07-20 00:00:00,2023-07-18 00:00:00,MH,Maharashtra,Choutubhai -KOLH-130751,0,0,PAC,11.84,0,0,
,UCPL/23-24/664,CUS00011,Item,Captain Cook Salt,ACCZ100,CC 1 kg * 25kg pack  New Code,2023-07-20 00:00:00,2023-07-18 00:00:00,MH,Maharashtra,Choutubhai -KOLH-130751,30600,30600,PAC,12.04,368424,0,
,UCPL/23-24/665,CUS00011,Item,Annapurna Salt,ANNW100,Anp 1 kg * 25kg pack  Relaunch,2023-07-20 00:00:00,2023-07-18 00:00:00,MH,Maharashtra,Choutubhai -KOLH-130751,0,0,PAC,11.84,0,0,
,UCPL/23-24/665,CUS00011,Item,Captain Cook Salt,ACCZ100,CC 1 kg * 25kg pack  New Code,2023-07-20 00:00:00,2023-07-18 00:00:00,MH,Maharashtra,Choutubhai -KOLH-130751,30600,30600,PAC,12.04,368424,0,
,UCPL/23-24/666,CUS00011,Item,Annapurna Salt,ANNW100,Anp 1 kg * 25kg pack  Relaunch,2023-07-20 00:00:00,2023-07-18 00:00:00,MH,Maharashtra,Choutubhai -KOLH-130751,0,0,PAC,11.84,0,0,
,UCPL/23-24/666,CUS00011,Item,Captain Cook Salt,ACCZ100,CC 1 kg * 25kg pack  New Code,2023-07-20 00:00:00,2023-07-18 00:00:00,MH,Maharashtra,Choutubhai -KOLH-130751,30600,30600,PAC,12.04,368424,0,
,UCPL/23-24/667,CUS00011,Item,Annapurna Salt,ANNW100,Anp 1 kg * 25kg pack  Relaunch,2023-07-20 00:00:00,2023-07-18 00:00:00,MH,Maharashtra,Choutubhai -KOLH-130751,0,0,PAC,11.84,0,0,
,UCPL/23-24/667,CUS00011,Item,Captain Cook Salt,ACCZ100,CC 1 kg * 25kg pack  New Code,2023-07-20 00:00:00,2023-07-18 00:00:00,MH,Maharashtra,Choutubhai -KOLH-130751,30600,30600,PAC,12.04,368424,0,
,UCPL/23-24/668,CUS00011,Item,Annapurna Salt,ANNW100,Anp 1 kg * 25kg pack  Relaunch,2023-07-20 00:00:00,2023-07-18 00:00:00,MH,Maharashtra,Choutubhai -KOLH-130751,0,0,PAC,11.84,0,0,
,UCPL/23-24/668,CUS00011,Item,Captain Cook Salt,ACCZ100,CC 1 kg * 25kg pack  New Code,2023-07-20 00:00:00,2023-07-18 00:00:00,MH,Maharashtra,Choutubhai -KOLH-130751,30600,30600,PAC,12.04,368424,0,
,UCPL/23-24/669,CUS00010,Item,Captain Cook Salt,ACCZ100,CC 1 kg * 25kg pack  New Code,2023-07-20 00:00:00,2023-07-18 00:00:00,GJ,Gujarat,Sanklecha salt suppliers -VABH-134734,18500,18500,PAC,12.04,222740,0,
,UCPL/23-24/670,CUS00010,Item,Captain Cook Salt,ACCZ100,CC 1 kg * 25kg pack  New Code,2023-07-20 00:00:00,2023-07-18 00:00:00,GJ,Gujarat,Sai shraddha trading co  -VABH-10A009,5000,5000,PAC,12.04,60200,0,
,UCPL/23-24/671,CUS00003,Item,Annapurna Atta,ATTA100,ANNP WH-FF 10KG,2023-07-20 00:00:00,2023-07-20 00:00:00,KA,Karnataka,CFACHK-Linfox Logistics (I) Pvt Ltd,0,0,PAC,487.98,0,0,
,UCPL/23-24/671,CUS00003,Item,Annapurna Atta,ATTB100,ANNP WH-FF 5KG LP RL,2023-07-20 00:00:00,2023-07-20 00:00:00,KA,Karnataka,CFACHK-Linfox Logistics (I) Pvt Ltd,0,0,PAC,250.47,0,0,
,UCPL/23-24/671,CUS00003,Item,Annapurna Atta,ATTC100,ANNP WH-FF 1KG LP RL,2023-07-20 00:00:00,2023-07-20 00:00:00,KA,Karnataka,CFACHK-Linfox Logistics (I) Pvt Ltd,18000,18000,PAC,52.87,951660,0,
,UCPL/23-24/672,CUS00011,Item,Annapurna Salt,ANNW100,Anp 1 kg * 25kg pack  Relaunch,2023-07-21 00:00:00,2023-07-20 00:00:00,MH,Maharashtra,Kolhapur-KOLH-10B207,0,0,PAC,11.84,0,0,
,UCPL/23-24/672,CUS00011,Item,Captain Cook Salt,ACCZ100,CC 1 kg * 25kg pack  New Code,2023-07-21 00:00:00,2023-07-20 00:00:00,MH,Maharashtra,Kolhapur-KOLH-10B207,23500,23500,PAC,12.04,282940,0,
,UCPL/23-24/673,CUS00003,Item,Annapurna Atta,ATTA100,ANNP WH-FF 10KG,2023-07-21 00:00:00,2023-07-21 00:00:00,KA,Karnataka,CFACHK-Linfox Logistics (I) Pvt Ltd,0,0,PAC,487.98,0,0,
,UCPL/23-24/673,CUS00003,Item,Annapurna Atta,ATTB100,ANNP WH-FF 5KG LP RL,2023-07-21 00:00:00,2023-07-21 00:00:00,KA,Karnataka,CFACHK-Linfox Logistics (I) Pvt Ltd,3600,18000,PAC,250.47,901692,0,
,UCPL/23-24/673,CUS00003,Item,Annapurna Atta,ATTC100,ANNP WH-FF 1KG LP RL,2023-07-21 00:00:00,2023-07-21 00:00:00,KA,Karnataka,CFACHK-Linfox Logistics (I) Pvt Ltd,0,0,PAC,52.87,0,0,
,UCPL/23-24/674,CUS00011,Item,Annapurna Salt,ANNW100,Anp 1 kg * 25kg pack  Relaunch,2023-07-21 00:00:00,2023-07-20 00:00:00,MH,Maharashtra,Chhotubhai- KOLH-130751,0,0,PAC,11.84,0,0,
,UCPL/23-24/674,CUS00011,Item,Captain Cook Salt,ACCZ100,CC 1 kg * 25kg pack  New Code,2023-07-21 00:00:00,2023-07-20 00:00:00,MH,Maharashtra,Chhotubhai- KOLH-130751,30600,30600,PAC,12.04,368424,0,
,UCPL/23-24/675,CUS00011,Item,Captain Cook Salt,ACCZ100,CC 1 kg * 25kg pack  New Code,2023-07-21 00:00:00,2023-07-20 00:00:00,MH,Maharashtra,Uday Agency- KOLH-10A494,23500,23500,PAC,12.04,282940,0,
,UCPL/23-24/676,CUS00011,Item,Annapurna Salt,ANNW100,Anp 1 kg * 25kg pack  Relaunch,2023-07-21 00:00:00,2023-07-20 00:00:00,MH,Maharashtra,Dynamic Trading Company KOLH-10A937,0,0,PAC,11.84,0,0,
,UCPL/23-24/676,CUS00011,Item,Captain Cook Salt,ACCZ100,CC 1 kg * 25kg pack  New Code,2023-07-21 00:00:00,2023-07-20 00:00:00,MH,Maharashtra,Dynamic Trading Company KOLH-10A937,23500,23500,PAC,12.04,282940,0,
,UCPL/23-24/677,CUS00003,Item,Annapurna Atta,ATTA100,ANNP WH-FF 10KG,2023-07-21 00:00:00,2023-07-21 00:00:00,KA,Karnataka,CFACHK-Linfox Logistics (I) Pvt Ltd,762,7620,PAC,487.98,371840.76,0,
,UCPL/23-24/677,CUS00003,Item,Annapurna Atta,ATTB100,ANNP WH-FF 5KG LP RL,2023-07-21 00:00:00,2023-07-21 00:00:00,KA,Karnataka,CFACHK-Linfox Logistics (I) Pvt Ltd,0,0,PAC,250.47,0,0,
,UCPL/23-24/677,CUS00003,Item,Annapurna Atta,ATTC100,ANNP WH-FF 1KG LP RL,2023-07-21 00:00:00,2023-07-21 00:00:00,KA,Karnataka,CFACHK-Linfox Logistics (I) Pvt Ltd,9000,9000,PAC,52.87,475830,0,
,UCPL/23-24/677,CUS00003,Item,Annapurna Atta,ATTA100,ANNP WH-FF 10KG,2023-07-21 00:00:00,2023-07-21 00:00:00,KA,Karnataka,CFACHK-Linfox Logistics (I) Pvt Ltd,138,1380,PAC,487.98,67341.24,0,
,UCPL/23-24/678,CUS00022,Item,Annapurna Atta,UWAAFF050,ANNAPURNA CHAKKI FARM FRESH ATTA 5 KG,2023-07-21 00:00:00,2023-07-21 00:00:00,MH,Maharashtra,M/s. CHOTUBHAI  AGENCIES,1674,8370,PAC,153.1,256289.4,0,30.62
,UCPL/23-24/678,CUS00022,Item,Annapurna Atta,UWAAFF100,ANNAPURNA CHAKKI FARM FRESH ATTA 10 KG,2023-07-21 00:00:00,2023-07-21 00:00:00,MH,Maharashtra,M/s. CHOTUBHAI  AGENCIES,162,1620,PAC,306.2,49604.4,0,30.62
,UCPL/23-24/679,CUS00019,Item,Annapurna Atta,UWAAFF050,ANNAPURNA CHAKKI FARM FRESH ATTA 5 KG,2023-07-21 00:00:00,2023-07-21 00:00:00,MH,Maharashtra,M/s. HARSIDDHA MARKETING								,1494,7470,PAC,161,240534,0,32.2
,UCPL/23-24/679,CUS00019,Item,Annapurna Atta,UWAAFF100,ANNAPURNA CHAKKI FARM FRESH ATTA 10 KG,2023-07-21 00:00:00,2023-07-21 00:00:00,MH,Maharashtra,M/s. HARSIDDHA MARKETING								,153,1530,PAC,322,49266,0,32.2
,UCPL/23-24/680,CUS00016,Item,Annapurna Salt,USASIC010,Annapurna Iodized Crystal Salt_ 1kg_25 Kg,2023-07-21 00:00:00,2023-07-21 00:00:00,TN,Tamil Nadu,M/s. JAYALAKSHMI & CO,4500,4500,PAC,8.3,37350,0,
,UCPL/23-24/680,CUS00016,Item,Annapurna Salt,USASIP010,Annapurna Iodized Powder Salt_1Kg_25 Kg,2023-07-21 00:00:00,2023-07-21 00:00:00,TN,Tamil Nadu,M/s. JAYALAKSHMI & CO,3500,3500,PAC,10.7,37450,0,
,UCPL/23-24/681,CUS00014,Item,Annapurna Atta,ATTB100,ANNP WH-FF 5KG LP RL,2023-07-22 00:00:00,2023-07-22 00:00:00,AD,Andhra Pradesh,HINDUSTAN UNILEVER LIMITED,240,1200,PAC,254.03,60967.2,0,
,UCPL/23-24/681,CUS00014,Item,Annapurna Atta,ATTC100,ANNP WH-FF 1KG LP RL,2023-07-22 00:00:00,2023-07-22 00:00:00,AD,Andhra Pradesh,HINDUSTAN UNILEVER LIMITED,16800,16800,PAC,52.16,876288,0,
,UCPL/23-24/682,CUS00003,Item,Annapurna Salt,ANNW100,Anp 1 kg * 25kg pack  Relaunch,2023-07-22 00:00:00,2023-07-22 00:00:00,KA,Karnataka,DODDA BASAVANNA ENTERPRISES RS CODE-431959,9000,9000,PAC,15.84,142560,0,
,UCPL/23-24/682,CUS00003,Item,Annapurna Salt,ANNX100,Anp Crystal 1 * 25 kg Relaunch,2023-07-22 00:00:00,2023-07-22 00:00:00,KA,Karnataka,DODDA BASAVANNA ENTERPRISES RS CODE-431959,9000,9000,PAC,12.99,116910,0,
,UCPL/23-24/682,CUS00003,Item,Annapurna Salt,ANNY100,ANNP IODPD SALT 500G,2023-07-22 00:00:00,2023-07-22 00:00:00,KA,Karnataka,DODDA BASAVANNA ENTERPRISES RS CODE-431959,0,0,PAC,8.09,0,0,
,UCPL/23-24/683,CUS00003,Item,Annapurna Salt,ANNW100,Anp 1 kg * 25kg pack  Relaunch,2023-07-22 00:00:00,2023-07-22 00:00:00,KA,Karnataka,UNITED DISTRIBUTORS  RS CODE-431611,9925,9925,PAC,15.84,157212,0,
,UCPL/23-24/683,CUS00003,Item,Annapurna Salt,ANNX100,Anp Crystal 1 * 25 kg Relaunch,2023-07-22 00:00:00,2023-07-22 00:00:00,KA,Karnataka,UNITED DISTRIBUTORS  RS CODE-431611,11750,11750,PAC,12.99,152632.5,0,
,UCPL/23-24/683,CUS00003,Item,Annapurna Salt,ANNY100,ANNP IODPD SALT 500G,2023-07-22 00:00:00,2023-07-22 00:00:00,KA,Karnataka,UNITED DISTRIBUTORS  RS CODE-431611,5000,2500,PAC,8.09,40450,0,
,UCPL/23-24/684,CUS00003,Item,Annapurna Atta,ATTA100,ANNP WH-FF 10KG,2023-07-22 00:00:00,2023-07-22 00:00:00,KA,Karnataka,CFACHK-Linfox Logistics (I) Pvt Ltd,0,0,PAC,487.98,0,0,
,UCPL/23-24/684,CUS00003,Item,Annapurna Atta,ATTB100,ANNP WH-FF 5KG LP RL,2023-07-22 00:00:00,2023-07-22 00:00:00,KA,Karnataka,CFACHK-Linfox Logistics (I) Pvt Ltd,0,0,PAC,250.47,0,0,
,UCPL/23-24/684,CUS00003,Item,Annapurna Atta,ATTC100,ANNP WH-FF 1KG LP RL,2023-07-22 00:00:00,2023-07-22 00:00:00,KA,Karnataka,CFACHK-Linfox Logistics (I) Pvt Ltd,18000,18000,PAC,52.87,951660,0,
,UCPL/23-24/684,CUS00003,Item,Annapurna Atta,ATTA100,ANNP WH-FF 10KG,2023-07-22 00:00:00,2023-07-22 00:00:00,KA,Karnataka,CFACHK-Linfox Logistics (I) Pvt Ltd,0,0,PAC,487.98,0,0,
,UCPL/23-24/685,CUS00016,Item,Annapurna Salt,USASIC010,Annapurna Iodized Crystal Salt_ 1kg_25 Kg,2023-07-22 00:00:00,2023-07-22 00:00:00,TN,Tamil Nadu,M/s. JAYALAKSHMI & CO,6000,6000,PAC,8.3,49800,0,
,UCPL/23-24/685,CUS00016,Item,Annapurna Salt,USASIP010,Annapurna Iodized Powder Salt_1Kg_25 Kg,2023-07-22 00:00:00,2023-07-22 00:00:00,TN,Tamil Nadu,M/s. JAYALAKSHMI & CO,5000,5000,PAC,10.7,53500,0,
,UCPL/23-24/686,CUS00023,Item,Annapurna Atta,UWAAFF050,ANNAPURNA CHAKKI FARM FRESH ATTA 5 KG,2023-07-22 00:00:00,2023-07-22 00:00:00,MH,Maharashtra,M/s. MAULI ENTERPRISES,1494,7470,PAC,161,240534,0,32.2
,UCPL/23-24/686,CUS00023,Item,Annapurna Atta,UWAAFF100,ANNAPURNA CHAKKI FARM FRESH ATTA 10 KG,2023-07-22 00:00:00,2023-07-22 00:00:00,MH,Maharashtra,M/s. MAULI ENTERPRISES,153,1530,PAC,322,49266,0,32.2
,UCPL/23-24/687,CUS00003,Item,Annapurna Salt,ANNW100,Anp 1 kg * 25kg pack  Relaunch,2023-07-24 00:00:00,2023-07-24 00:00:00,KA,Karnataka,SONA ENTERPRISES  RS CODE-431134,14250,14250,PAC,15.84,225720,0,
,UCPL/23-24/687,CUS00003,Item,Annapurna Salt,ANNX100,Anp Crystal 1 * 25 kg Relaunch,2023-07-24 00:00:00,2023-07-24 00:00:00,KA,Karnataka,SONA ENTERPRISES  RS CODE-431134,3750,3750,PAC,12.99,48712.5,0,
,UCPL/23-24/687,CUS00003,Item,Annapurna Salt,ANNY100,ANNP IODPD SALT 500G,2023-07-24 00:00:00,2023-07-24 00:00:00,KA,Karnataka,SONA ENTERPRISES  RS CODE-431134,0,0,PAC,8.09,0,0,
,UCPL/23-24/688,CUS00001,Item,Annapurna Salt,ANNW100,Anp 1 kg * 25kg pack  Relaunch,2023-07-24 00:00:00,2023-07-24 00:00:00,TS,Andhra Pradesh,Hindustan Unilever Ltd CSA C/o Srinivasa Logistics,750000,750000,PAC,13.26,9945000,0,
,UCPL/23-24/689,CUS00001,Item,Annapurna Salt,ANNW100,Anp 1 kg * 25kg pack  Relaunch,2023-07-24 00:00:00,2023-07-24 00:00:00,TS,Andhra Pradesh,Hindustan Unilever Ltd CSA C/o Srinivasa Logistics,2000,2000,PAC,13.26,26520,0,
,UCPL/23-24/689,CUS00001,Item,Annapurna Salt,ANNW100,Anp 1 kg * 25kg pack  Relaunch,2023-07-24 00:00:00,2023-07-24 00:00:00,TS,Andhra Pradesh,Hindustan Unilever Ltd CSA C/o Srinivasa Logistics,0,0,PAC,13.26,0,0,
,UCPL/23-24/690,CUS00001,Item,Annapurna Salt,ANNZ100,ANNP IODPD SALT 450g Relaunch,2023-07-24 00:00:00,2023-07-24 00:00:00,TS,Andhra Pradesh,Hindustan Unilever Ltd CSA C/o Srinivasa Logistics,44500,20025,PAC,7.69,342205,0,
,UCPL/23-24/691,CUS00001,Item,Captain Cook Salt,ACCZ100,CC 1 kg * 25kg pack  New Code,2023-07-24 00:00:00,2023-07-24 00:00:00,TS,Andhra Pradesh,Hindustan Unilever Ltd CSA C/o Srinivasa Logistics,39000,39000,PAC,13.04,508560,0,
,UCPL/23-24/692,CUS00003,Item,Annapurna Salt,ANNW100,Anp 1 kg * 25kg pack  Relaunch,2023-07-25 00:00:00,2023-07-25 00:00:00,KA,Karnataka,SHAKTHI INNOVATION  RS CODE-430473,12200,12200,PAC,15.84,193248,0,
,UCPL/23-24/692,CUS00003,Item,Annapurna Salt,ANNX100,Anp Crystal 1 * 25 kg Relaunch,2023-07-25 00:00:00,2023-07-25 00:00:00,KA,Karnataka,SHAKTHI INNOVATION  RS CODE-430473,12000,12000,PAC,12.99,155880,0,
,UCPL/23-24/692,CUS00003,Item,Annapurna Salt,ANNY100,ANNP IODPD SALT 500G,2023-07-25 00:00:00,2023-07-25 00:00:00,KA,Karnataka,SHAKTHI INNOVATION  RS CODE-430473,0,0,PAC,8.09,0,0,
,UCPL/23-24/693,CUS00003,Item,Annapurna Salt,ANNW100,Anp 1 kg * 25kg pack  Relaunch,2023-07-25 00:00:00,2023-07-25 00:00:00,KA,Karnataka,S M M AGENICES  RS CODE-43A180,8750,8750,PAC,15.84,138600,0,
,UCPL/23-24/693,CUS00003,Item,Annapurna Salt,ANNX100,Anp Crystal 1 * 25 kg Relaunch,2023-07-25 00:00:00,2023-07-25 00:00:00,KA,Karnataka,S M M AGENICES  RS CODE-43A180,8000,8000,PAC,12.99,103920,0,
,UCPL/23-24/693,CUS00003,Item,Annapurna Salt,ANNY100,ANNP IODPD SALT 500G,2023-07-25 00:00:00,2023-07-25 00:00:00,KA,Karnataka,S M M AGENICES  RS CODE-43A180,2500,1250,PAC,8.09,20225,0,
,UCPL/23-24/694,CUS00003,Item,Annapurna Salt,ANNW100,Anp 1 kg * 25kg pack  Relaunch,2023-07-25 00:00:00,2023-07-25 00:00:00,KA,Karnataka,SRI RAMANA ENTERPRISES RS CODE-43A126,10500,10500,PAC,15.84,166320,0,
,UCPL/23-24/694,CUS00003,Item,Annapurna Salt,ANNX100,Anp Crystal 1 * 25 kg Relaunch,2023-07-25 00:00:00,2023-07-25 00:00:00,KA,Karnataka,SRI RAMANA ENTERPRISES RS CODE-43A126,7500,7500,PAC,12.99,97425,0,
,UCPL/23-24/694,CUS00003,Item,Annapurna Salt,ANNY100,ANNP IODPD SALT 500G,2023-07-25 00:00:00,2023-07-25 00:00:00,KA,Karnataka,SRI RAMANA ENTERPRISES RS CODE-43A126,0,0,PAC,8.09,0,0,
,UCPL/23-24/695,CUS00011,Item,Annapurna Salt,ANNW100,Anp 1 kg * 25kg pack  Relaunch,2023-07-25 00:00:00,2023-07-25 00:00:00,MH,Maharashtra,Mahavir agencies KOLH-133570,23500,23500,PAC,11.84,278240,0,
,UCPL/23-24/695,CUS00011,Item,Captain Cook Salt,ACCZ100,CC 1 kg * 25kg pack  New Code,2023-07-25 00:00:00,2023-07-25 00:00:00,MH,Maharashtra,Mahavir agencies KOLH-133570,0,0,PAC,12.04,0,0,
,UCPL/23-24/696,CUS00011,Item,Captain Cook Salt,ACCZ100,CC 1 kg * 25kg pack  New Code,2023-07-25 00:00:00,2023-07-25 00:00:00,MH,Maharashtra,Chotubhai KOLH-130751,30600,30600,PAC,12.04,368424,0,
,UCPL/23-24/697,CUS00003,Item,Annapurna Salt,ANNW100,Anp 1 kg * 25kg pack  Relaunch,2023-07-25 00:00:00,2023-07-25 00:00:00,KA,Karnataka,SHREE RAMNATH DISTRIBUTORS RS CODE-431036,10500,10500,PAC,15.84,166320,0,
,UCPL/23-24/697,CUS00003,Item,Annapurna Salt,ANNX100,Anp Crystal 1 * 25 kg Relaunch,2023-07-25 00:00:00,2023-07-25 00:00:00,KA,Karnataka,SHREE RAMNATH DISTRIBUTORS RS CODE-431036,7500,7500,PAC,12.99,97425,0,
,UCPL/23-24/697,CUS00003,Item,Annapurna Salt,ANNY100,ANNP IODPD SALT 500G,2023-07-25 00:00:00,2023-07-25 00:00:00,KA,Karnataka,SHREE RAMNATH DISTRIBUTORS RS CODE-431036,0,0,PAC,8.09,0,0,
,UCPL/23-24/698,CUS00021,Item,Annapurna Atta,UWAAFF050,ANNAPURNA CHAKKI FARM FRESH ATTA 5 KG,2023-07-25 00:00:00,2023-07-25 00:00:00,MH,Maharashtra,M/s. MAHAVIR RETAIL PRIVATE LIMITED,588,2940,PAC,152.5,89670,0,30.5
,UCPL/23-24/698,CUS00021,Item,Annapurna Atta,UWAAFF100,ANNAPURNA CHAKKI FARM FRESH ATTA 10 KG,2023-07-25 00:00:00,2023-07-25 00:00:00,MH,Maharashtra,M/s. MAHAVIR RETAIL PRIVATE LIMITED,117,1170,PAC,305,35685,0,30.5
,UCPL/23-24/699,CUS00010,Item,Captain Cook Salt,ACCZ100,CC 1 kg * 25kg pack  New Code,2023-07-25 00:00:00,2023-07-25 00:00:00,GJ,Gujarat,Sanklecha salt suppliers - VABH-134734,23500,23500,PAC,12.04,282940,0,
,UCPL/23-24/700,CUS00011,Item,Captain Cook Salt,ACCZ100,CC 1 kg * 25kg pack  New Code,2023-07-25 00:00:00,2023-07-25 00:00:00,MH,Maharashtra,Vijay marketing -KOLH-132681,23500,23500,PAC,12.04,282940,0,
,UCPL/23-24/701,CUS00011,Item,Captain Cook Salt,ACCZ100,CC 1 kg * 25kg pack  New Code,2023-07-25 00:00:00,2023-07-25 00:00:00,MH,Maharashtra,Chotubhai KOLH-130751,30600,30600,PAC,12.04,368424,0,
,UCPL/23-24/702,CUS00011,Item,Captain Cook Salt,ACCZ100,CC 1 kg * 25kg pack  New Code,2023-07-25 00:00:00,2023-07-25 00:00:00,MH,Maharashtra,Chotubhai KOLH-130751,30600,30600,PAC,12.04,368424,0,
,UCPL/23-24/703,CUS00011,Item,Annapurna Salt,ANNW100,Anp 1 kg * 25kg pack  Relaunch,2023-07-25 00:00:00,2023-07-25 00:00:00,MH,Maharashtra,Khanak marketing- KOLH--10B207,0,0,PAC,11.84,0,0,
,UCPL/23-24/703,CUS00011,Item,Captain Cook Salt,ACCZ100,CC 1 kg * 25kg pack  New Code,2023-07-25 00:00:00,2023-07-25 00:00:00,MH,Maharashtra,Khanak marketing- KOLH--10B207,23500,23500,PAC,12.04,282940,0,
,UCPL/23-24/704,CUS00026,Item,Annapurna Atta,UWAAFF050,ANNAPURNA CHAKKI FARM FRESH ATTA 5 KG,2023-07-25 00:00:00,2023-07-25 00:00:00,MH,Maharashtra,M/s. TRIMURTY AGENCY,1680,8400,PAC,165,277200,0,33.0
,UCPL/23-24/704,CUS00026,Item,Annapurna Atta,UWAAFF100,ANNAPURNA CHAKKI FARM FRESH ATTA 10 KG,2023-07-25 00:00:00,2023-07-25 00:00:00,MH,Maharashtra,M/s. TRIMURTY AGENCY,60,600,PAC,330,19800,0,33.0
,UCPL/23-24/705,CUS00008,Item,Captain Cook Salt,ACCZ100,CC 1 kg * 25kg pack  New Code,2023-07-26 00:00:00,2023-07-24 00:00:00,BR,Bihar,CFAPTB Western Enterprises,117000,117000,PAC,8.24,964080,0,
,UCPL/23-24/706,CUS00008,Item,Annapurna Salt,ANNW100,Anp 1 kg * 25kg pack  Relaunch,2023-07-26 00:00:00,2023-07-24 00:00:00,BR,Bihar,CFAPTB Western Enterprises,496000,496000,PAC,8.24,4087040,0,
,UCPL/23-24/707,CUS00003,Item,Annapurna Salt,ANNW100,Anp 1 kg * 25kg pack  Relaunch,2023-07-26 00:00:00,2023-07-26 00:00:00,KA,Karnataka,Intelligent Retail Pvt Ltd  RS CODE-43A573,9500,9500,PAC,15.84,150480,0,
,UCPL/23-24/707,CUS00003,Item,Annapurna Salt,ANNX100,Anp Crystal 1 * 25 kg Relaunch,2023-07-26 00:00:00,2023-07-26 00:00:00,KA,Karnataka,Intelligent Retail Pvt Ltd  RS CODE-43A573,7250,7250,PAC,12.99,94177.5,0,
,UCPL/23-24/707,CUS00003,Item,Annapurna Salt,ANNY100,ANNP IODPD SALT 500G,2023-07-26 00:00:00,2023-07-26 00:00:00,KA,Karnataka,Intelligent Retail Pvt Ltd  RS CODE-43A573,2500,1250,PAC,8.09,20225,0,
,UCPL/23-24/708,CUS00003,Item,Annapurna Atta,ATTB100,ANNP WH-FF 5KG LP RL,2023-07-26 00:00:00,2023-07-26 00:00:00,KA,Karnataka,CFACHK-Linfox Logistics (I) Pvt Ltd,0,0,PAC,250.47,0,0,
,UCPL/23-24/708,CUS00003,Item,Annapurna Atta,ATTC100,ANNP WH-FF 1KG LP RL,2023-07-26 00:00:00,2023-07-26 00:00:00,KA,Karnataka,CFACHK-Linfox Logistics (I) Pvt Ltd,17820,17820,PAC,52.87,942143.4,0,
,UCPL/23-24/708,CUS00003,Item,Annapurna Atta,ATTC100,ANNP WH-FF 1KG LP RL,2023-07-26 00:00:00,2023-07-26 00:00:00,KA,Karnataka,CFACHK-Linfox Logistics (I) Pvt Ltd,180,180,PAC,52.87,9516.6,0,
,UCPL/23-24/709,CUS00003,Item,Annapurna Salt,ANNW100,Anp 1 kg * 25kg pack  Relaunch,2023-07-26 00:00:00,2023-07-26 00:00:00,KA,Karnataka,SHREE MOOKAMBIKA MARKETING  RS CODE-431270,10000,10000,PAC,15.84,158400,0,
,UCPL/23-24/709,CUS00003,Item,Annapurna Salt,ANNX100,Anp Crystal 1 * 25 kg Relaunch,2023-07-26 00:00:00,2023-07-26 00:00:00,KA,Karnataka,SHREE MOOKAMBIKA MARKETING  RS CODE-431270,8000,8000,PAC,12.99,103920,0,
,UCPL/23-24/710,CUS00016,Item,Annapurna Salt,USASIC010,Annapurna Iodized Crystal Salt_ 1kg_25 Kg,2023-07-26 00:00:00,2023-07-26 00:00:00,TN,Tamil Nadu,M/s. JAYALAKSHMI & CO,12000,12000,PAC,8.3,99600,0,
,UCPL/23-24/710,CUS00016,Item,Annapurna Salt,USASIP010,Annapurna Iodized Powder Salt_1Kg_25 Kg,2023-07-26 00:00:00,2023-07-26 00:00:00,TN,Tamil Nadu,M/s. JAYALAKSHMI & CO,3000,3000,PAC,10.7,32100,0,
,UCPL/23-24/710,CUS00016,Item,Annapurna Salt,USASIP005,Annapurna Iodized Powder Salt_500 g_25 Kg,2023-07-26 00:00:00,2023-07-26 00:00:00,TN,Tamil Nadu,M/s. JAYALAKSHMI & CO,8000,4000,PAC,7.29,58320,0,
,UCPL/23-24/711,CUS00008,Item,Annapurna Salt,ANNZ100,ANNP IODPD SALT 450g Relaunch,2023-07-26 00:00:00,2023-07-24 00:00:00,BR,Bihar,CFAPTB Western Enterprises,1355550,609997.5,PAC,3.79,5137534.5,0,
,UCPL/23-24/712,CUS00003,Item,Annapurna Atta,ATTB100,ANNP WH-FF 5KG LP RL,2023-07-26 00:00:00,2023-07-26 00:00:00,KA,Karnataka,CFACHK-Linfox Logistics (I) Pvt Ltd,2592,12960,PAC,250.47,649218.24,0,
,UCPL/23-24/712,CUS00003,Item,Annapurna Atta,ATTC100,ANNP WH-FF 1KG LP RL,2023-07-26 00:00:00,2023-07-26 00:00:00,KA,Karnataka,CFACHK-Linfox Logistics (I) Pvt Ltd,0,0,PAC,52.87,0,0,
,UCPL/23-24/712,CUS00003,Item,Annapurna Atta,ATTC100,ANNP WH-FF 1KG LP RL,2023-07-26 00:00:00,2023-07-26 00:00:00,KA,Karnataka,CFACHK-Linfox Logistics (I) Pvt Ltd,0,0,PAC,52.87,0,0,
,UCPL/23-24/712,CUS00003,Item,Annapurna Atta,ATTB100,ANNP WH-FF 5KG LP RL,2023-07-26 00:00:00,2023-07-26 00:00:00,KA,Karnataka,CFACHK-Linfox Logistics (I) Pvt Ltd,1008,5040,PAC,250.47,252473.76,0,
,UCPL/23-24/713,CUS00003,Item,Annapurna Atta,ATTB100,ANNP WH-FF 5KG LP RL,2023-07-26 00:00:00,2023-07-26 00:00:00,KA,Karnataka,CFACHK-Linfox Logistics (I) Pvt Ltd,1800,9000,PAC,250.47,450846,0,
,UCPL/23-24/713,CUS00003,Item,Annapurna Atta,ATTC100,ANNP WH-FF 1KG LP RL,2023-07-26 00:00:00,2023-07-26 00:00:00,KA,Karnataka,CFACHK-Linfox Logistics (I) Pvt Ltd,9000,9000,PAC,52.87,475830,0,
,UCPL/23-24/713,CUS00003,Item,Annapurna Atta,ATTC100,ANNP WH-FF 1KG LP RL,2023-07-26 00:00:00,2023-07-26 00:00:00,KA,Karnataka,CFACHK-Linfox Logistics (I) Pvt Ltd,0,0,PAC,52.87,0,0,
,UCPL/23-24/713,CUS00003,Item,Annapurna Atta,ATTB100,ANNP WH-FF 5KG LP RL,2023-07-26 00:00:00,2023-07-26 00:00:00,KA,Karnataka,CFACHK-Linfox Logistics (I) Pvt Ltd,0,0,PAC,250.47,0,0,
,UCPL/23-24/714,CUS00008,Item,Captain Cook Salt,ACCZ100,CC 1 kg * 25kg pack  New Code,2023-07-26 00:00:00,2023-07-25 00:00:00,BR,Bihar,CFAPTB Western Enterprises,60000,60000,PAC,8.24,494400,0,
,UCPL/23-24/715,CUS00021,Item,Annapurna Atta,UWAAFF010,ANNAPURNA CHAKKI FARM FRESH ATTA 1 KG,2023-07-26 00:00:00,2023-07-25 00:00:00,MH,Maharashtra,M/s. MAHAVIR RETAIL PRIVATE LIMITED,1500,1500,PAC,35.4,53100,0,35.4
,UCPL/23-24/716,CUS00003,Item,Annapurna Salt,ANNW100,Anp 1 kg * 25kg pack  Relaunch,2023-07-27 00:00:00,2023-07-27 00:00:00,KA,Karnataka,SRI BALAJI ENTERPRISE  RS CODE-431674,18000,18000,PAC,15.84,285120,0,
,UCPL/23-24/716,CUS00003,Item,Annapurna Salt,ANNX100,Anp Crystal 1 * 25 kg Relaunch,2023-07-27 00:00:00,2023-07-27 00:00:00,KA,Karnataka,SRI BALAJI ENTERPRISE  RS CODE-431674,0,0,PAC,12.99,0,0,
,UCPL/23-24/716,CUS00003,Item,Annapurna Salt,ANNY100,ANNP IODPD SALT 500G,2023-07-27 00:00:00,2023-07-27 00:00:00,KA,Karnataka,SRI BALAJI ENTERPRISE  RS CODE-431674,0,0,PAC,8.09,0,0,
,UCPL/23-24/717,CUS00008,Item,Annapurna Salt,ANNW100,Anp 1 kg * 25kg pack  Relaunch,2023-07-27 00:00:00,2023-07-26 00:00:00,BR,Bihar,CFAPTB Western Enterprises,180000,180000,PAC,8.24,1483200,0,
,UCPL/23-24/717,CUS00008,Item,Annapurna Salt,ANNZ100,ANNP IODPD SALT 450g Relaunch,2023-07-27 00:00:00,2023-07-26 00:00:00,BR,Bihar,CFAPTB Western Enterprises,133300,59985.00000000001,PAC,3.79,505207,0,
,UCPL/23-24/717,CUS00008,Item,Captain Cook Salt,ACCZ100,CC 1 kg * 25kg pack  New Code,2023-07-27 00:00:00,2023-07-26 00:00:00,BR,Bihar,CFAPTB Western Enterprises,60000,60000,PAC,8.24,494400,0,
,UCPL/23-24/718,CUS00003,Item,Annapurna Atta,ATTB100,ANNP WH-FF 5KG LP RL,2023-07-27 00:00:00,2023-07-27 00:00:00,KA,Karnataka,CFACHK-Linfox Logistics (I) Pvt Ltd,0,0,PAC,250.47,0,0,
,UCPL/23-24/718,CUS00003,Item,Annapurna Atta,ATTC100,ANNP WH-FF 1KG LP RL,2023-07-27 00:00:00,2023-07-27 00:00:00,KA,Karnataka,CFACHK-Linfox Logistics (I) Pvt Ltd,18000,18000,PAC,52.87,951660,0,
,UCPL/23-24/718,CUS00003,Item,Annapurna Atta,ATTC100,ANNP WH-FF 1KG LP RL,2023-07-27 00:00:00,2023-07-27 00:00:00,KA,Karnataka,CFACHK-Linfox Logistics (I) Pvt Ltd,0,0,PAC,52.87,0,0,
,UCPL/23-24/718,CUS00003,Item,Annapurna Atta,ATTB100,ANNP WH-FF 5KG LP RL,2023-07-27 00:00:00,2023-07-27 00:00:00,KA,Karnataka,CFACHK-Linfox Logistics (I) Pvt Ltd,0,0,PAC,250.47,0,0,
,UCPL/23-24/719,CUS00016,Item,Annapurna Salt,USASIP010,Annapurna Iodized Powder Salt_1Kg_25 Kg,2023-07-28 00:00:00,2023-07-26 00:00:00,TN,Tamil Nadu,M/s. JAYALAKSHMI & CO,25000,25000,PAC,10.7,267500,0,
,UCPL/23-24/720,CUS00003,Item,Annapurna Salt,ANNW100,Anp 1 kg * 25kg pack  Relaunch,2023-07-28 00:00:00,2023-07-28 00:00:00,KA,Karnataka,S.S.M.S. MARKETING  RS CODE-431746,5000,5000,PAC,15.84,79200,0,
,UCPL/23-24/720,CUS00003,Item,Annapurna Salt,ANNX100,Anp Crystal 1 * 25 kg Relaunch,2023-07-28 00:00:00,2023-07-28 00:00:00,KA,Karnataka,S.S.M.S. MARKETING  RS CODE-431746,9000,9000,PAC,12.99,116910,0,
,UCPL/23-24/720,CUS00003,Item,Annapurna Salt,ANNY100,ANNAPURNA SALT POLY 500G,2023-07-28 00:00:00,2023-07-28 00:00:00,KA,Karnataka,S.S.M.S. MARKETING  RS CODE-431746,8000,4000,PAC,8.09,64720,0,
,UCPL/23-24/721,CUS00003,Item,Annapurna Salt,ANNW100,Anp 1 kg * 25kg pack  Relaunch,2023-07-28 00:00:00,2023-07-28 00:00:00,KA,Karnataka,SLV ENTERPRISES  RS CODE-43A035,2125,2125,PAC,15.84,33660,0,
,UCPL/23-24/721,CUS00003,Item,Annapurna Salt,ANNX100,Anp Crystal 1 * 25 kg Relaunch,2023-07-28 00:00:00,2023-07-28 00:00:00,KA,Karnataka,SLV ENTERPRISES  RS CODE-43A035,4000,4000,PAC,12.99,51960,0,
,UCPL/23-24/721,CUS00003,Item,Annapurna Salt,ANNY100,ANNAPURNA SALT POLY 500G,2023-07-28 00:00:00,2023-07-28 00:00:00,KA,Karnataka,SLV ENTERPRISES  RS CODE-43A035,0,0,PAC,8.09,0,0,
,UCPL/23-24/722,CUS00003,Item,Annapurna Salt,ANNW100,Anp 1 kg * 25kg pack  Relaunch,2023-07-28 00:00:00,2023-07-28 00:00:00,KA,Karnataka,INTELLIGENT RETAIL PVT LTD  RS CODE-43A808,7500,7500,PAC,15.84,118800,0,
,UCPL/23-24/722,CUS00003,Item,Annapurna Salt,ANNX100,Anp Crystal 1 * 25 kg Relaunch,2023-07-28 00:00:00,2023-07-28 00:00:00,KA,Karnataka,INTELLIGENT RETAIL PVT LTD  RS CODE-43A808,10500,10500,PAC,12.99,136395,0,
,UCPL/23-24/723,CUS00025,Item,Annapurna Atta,USAAFF010,ANNAPURNA CHAKKI FARM FRESH ATTA 1 KG,2023-07-28 00:00:00,2023-07-28 00:00:00,TN,Tamil Nadu,M/s. WAYCOOL FOODS AND PRODUCTS PRIVATE LIMITED,12690,12690,PAC,51,647190,0,
,UCPL/23-24/723,CUS00025,Item,Annapurna Atta,USAAFF050,ANNAPURNA CHAKKI FARM FRESH ATTA 5 KG,2023-07-28 00:00:00,2023-07-28 00:00:00,TN,Tamil Nadu,M/s. WAYCOOL FOODS AND PRODUCTS PRIVATE LIMITED,516,2580,PAC,260.77,134557.32,0,
,UCPL/23-24/723,CUS00025,Item,Annapurna Atta,USAAFF100,ANNAPURNA CHAKKI FARM FRESH ATTA 10 KG,2023-07-28 00:00:00,2023-07-28 00:00:00,TN,Tamil Nadu,M/s. WAYCOOL FOODS AND PRODUCTS PRIVATE LIMITED,270,2700,PAC,471.17,127215.9,0,
,UCPL/23-24/724,CUS00011,Item,Annapurna Salt,ANNZ100,ANNP IODPD SALT 450g Relaunch,2023-07-28 00:00:00,2023-07-27 00:00:00,MH,Maharashtra,Shan agency- KOLH-134678,10000,4500,PAC,6.83,68300,0,
,UCPL/23-24/724,CUS00011,Item,Annapurna Salt,ANNW100,Anp 1 kg * 25kg pack  Relaunch,2023-07-28 00:00:00,2023-07-27 00:00:00,MH,Maharashtra,Shan agency- KOLH-134678,7500,7500,PAC,11.84,88800,0,
,UCPL/23-24/724,CUS00011,Item,Captain Cook Salt,ACCZ100,CC 1 kg * 25kg pack  New Code,2023-07-28 00:00:00,2023-07-27 00:00:00,MH,Maharashtra,Shan agency- KOLH-134678,11500,11500,PAC,12.04,138460,0,
,UCPL/23-24/725,CUS00013,Item,Annapurna Salt,ANNZ100,ANNP IODPD SALT 450g Relaunch,2023-07-28 00:00:00,2023-07-28 00:00:00,MH,Maharashtra,National trading company- NAGH-10B150,10000,4500,PAC,6.83,68300,0,
,UCPL/23-24/725,CUS00013,Item,Annapurna Salt,ANNW100,Anp 1 kg * 25kg pack  Relaunch,2023-07-28 00:00:00,2023-07-28 00:00:00,MH,Maharashtra,National trading company- NAGH-10B150,19000,19000,PAC,11.84,224960,0,
,UCPL/23-24/726,CUS00027,Item,Annapurna Salt,ANNW100,Anp 1 kg * 25kg pack  Relaunch,2023-07-28 00:00:00,2023-07-28 00:00:00,GJ,Gujarat,Rajashree enterprises- ABDH-10B652,23500,23500,PAC,11.84,278240,0,
,UCPL/23-24/727,CUS00011,Item,Captain Cook Salt,ACCZ100,CC 1 kg * 25kg pack  New Code,2023-07-28 00:00:00,2023-07-28 00:00:00,MH,Maharashtra,Chotubhai KOLH-130751,30600,30600,PAC,12.04,368424,0,
,UCPL/23-24/728,CUS00011,Item,Captain Cook Salt,ACCZ100,CC 1 kg * 25kg pack  New Code,2023-07-28 00:00:00,2023-07-28 00:00:00,MH,Maharashtra,Chotubhai KOLH-130751,30600,30600,PAC,12.04,368424,0,
,UCPL/23-24/729,CUS00011,Item,Captain Cook Salt,ACCZ100,CC 1 kg * 25kg pack  New Code,2023-07-28 00:00:00,2023-07-28 00:00:00,MH,Maharashtra,Chotubhai KOLH-130751,30600,30600,PAC,12.04,368424,0,
,UCPL/23-24/730,CUS00011,Item,Captain Cook Salt,ACCZ100,CC 1 kg * 25kg pack  New Code,2023-07-28 00:00:00,2023-07-28 00:00:00,MH,Maharashtra,Chotubhai KOLH-130751,30600,30600,PAC,12.04,368424,0,
,UCPL/23-24/731,CUS00011,Item,Captain Cook Salt,ACCZ100,CC 1 kg * 25kg pack  New Code,2023-07-28 00:00:00,2023-07-28 00:00:00,MH,Maharashtra,Choutubhai agencies- KOLH-130751,30600,30600,PAC,12.04,368424,0,
,UCPL/23-24/732,CUS00011,Item,Captain Cook Salt,ACCZ100,CC 1 kg * 25kg pack  New Code,2023-07-28 00:00:00,2023-07-28 00:00:00,MH,Maharashtra,Choutubhai agencies- KOLH-130751,30600,30600,PAC,12.04,368424,0,
,UCPL/23-24/733,CUS00011,Item,Captain Cook Salt,ACCZ100,CC 1 kg * 25kg pack  New Code,2023-07-28 00:00:00,2023-07-28 00:00:00,MH,Maharashtra,Choutubhai agencies- KOLH-130751,30600,30600,PAC,12.04,368424,0,
,UCPL/23-24/734,CUS00011,Item,Captain Cook Salt,ACCZ100,CC 1 kg * 25kg pack  New Code,2023-07-28 00:00:00,2023-07-28 00:00:00,MH,Maharashtra,Choutubhai agencies- KOLH-130751,30600,30600,PAC,12.04,368424,0,
,UCPL/23-24/735,CUS00011,Item,Captain Cook Salt,ACCZ100,CC 1 kg * 25kg pack  New Code,2023-07-28 00:00:00,2023-07-28 00:00:00,MH,Maharashtra,Choutubhai agencies- KOLH-130751,30600,30600,PAC,12.04,368424,0,
,UCPL/23-24/736,CUS00003,Item,Annapurna Atta,ATTB100,ANNP WH-FF 5KG LP RL,2023-07-29 00:00:00,2023-07-29 00:00:00,KA,Karnataka,CFACHK-Linfox Logistics (I) Pvt Ltd,0,0,PAC,250.47,0,0,
,UCPL/23-24/736,CUS00003,Item,Annapurna Atta,ATTC100,ANNP WH-FF 1KG LP RL,2023-07-29 00:00:00,2023-07-29 00:00:00,KA,Karnataka,CFACHK-Linfox Logistics (I) Pvt Ltd,4230,4230,PAC,52.87,223640.1,0,
,UCPL/23-24/736,CUS00003,Item,Annapurna Atta,ATTC100,ANNP WH-FF 1KG LP RL,2023-07-29 00:00:00,2023-07-29 00:00:00,KA,Karnataka,CFACHK-Linfox Logistics (I) Pvt Ltd,13770,13770,PAC,52.87,728019.9,0,
,UCPL/23-24/737,CUS00003,Item,Annapurna Atta,ATTB100,ANNP WH-FF 5KG LP RL,2023-07-29 00:00:00,2023-07-29 00:00:00,KA,Karnataka,CFACHK-Linfox Logistics (I) Pvt Ltd,3000,15000,PAC,250.47,751410,0,
,UCPL/23-24/737,CUS00003,Item,Annapurna Atta,ATTC100,ANNP WH-FF 1KG LP RL,2023-07-29 00:00:00,2023-07-29 00:00:00,KA,Karnataka,CFACHK-Linfox Logistics (I) Pvt Ltd,3000,3000,PAC,52.87,158610,0,
,UCPL/23-24/737,CUS00003,Item,Annapurna Atta,ATTC100,ANNP WH-FF 1KG LP RL,2023-07-29 00:00:00,2023-07-29 00:00:00,KA,Karnataka,CFACHK-Linfox Logistics (I) Pvt Ltd,0,0,PAC,52.87,0,0,
,UCPL/23-24/738,CUS00004,Item,Annapurna Atta,ATTA100,ANNP WH-FF 10KG,2023-07-29 00:00:00,2023-07-29 00:00:00,TN,Tamil Nadu,Linfox Logistics (I) P Ltd,30,300,PAC,498.05,14941.5,0,
,UCPL/23-24/738,CUS00004,Item,Annapurna Atta,ATTB100,ANNP WH-FF 5KG LP RL,2023-07-29 00:00:00,2023-07-29 00:00:00,TN,Tamil Nadu,Linfox Logistics (I) P Ltd,780,3900,PAC,271.42,211707.6,0,
,UCPL/23-24/738,CUS00004,Item,Annapurna Atta,ATTC100,ANNP WH-FF 1KG LP RL,2023-07-29 00:00:00,2023-07-29 00:00:00,TN,Tamil Nadu,Linfox Logistics (I) P Ltd,4230,4230,PAC,53.08,224528.4,0,
,UCPL/23-24/738,CUS00004,Item,Annapurna Atta,ATTC100,ANNP WH-FF 1KG LP RL,2023-07-29 00:00:00,2023-07-29 00:00:00,TN,Tamil Nadu,Linfox Logistics (I) P Ltd,3000,3000,PAC,53.08,159240,0,
,UCPL/23-24/738,CUS00004,Item,Annapurna Atta,ATTC100,ANNP WH-FF 1KG LP RL,2023-07-29 00:00:00,2023-07-29 00:00:00,TN,Tamil Nadu,Linfox Logistics (I) P Ltd,6570,6570,PAC,53.08,348735.6,0,
,UCPL/23-24/739,CUS00011,Item,Annapurna Salt,ANNZ100,ANNP IODPD SALT 450g Relaunch,2023-07-31 00:00:00,2023-07-28 00:00:00,MH,Maharashtra,Choutubhai agencies- KOLH- 130751,1000,450,PAC,6.83,6830,0,
,UCPL/23-24/739,CUS00011,Item,Annapurna Salt,ANNW100,Anp 1 kg * 25kg pack  Relaunch,2023-07-31 00:00:00,2023-07-28 00:00:00,MH,Maharashtra,Choutubhai agencies- KOLH- 130751,22500,22500,PAC,11.84,266400,0,
,UCPL/23-24/739,CUS00011,Item,Captain Cook Salt,ACCZ100,CC 1 kg * 25kg pack  New Code,2023-07-31 00:00:00,2023-07-28 00:00:00,MH,Maharashtra,Choutubhai agencies- KOLH- 130751,7650,7650,PAC,12.04,92106,0,
,UCPL/23-24/740,CUS00003,Item,Annapurna Atta,ATTB100,ANNP WH-FF 5KG LP RL,2023-07-31 00:00:00,2023-07-31 00:00:00,KA,Karnataka,CFACHK-Linfox Logistics (I) Pvt Ltd,0,0,PAC,250.47,0,0,
,UCPL/23-24/740,CUS00003,Item,Annapurna Atta,ATTC100,ANNP WH-FF 1KG LP RL,2023-07-31 00:00:00,2023-07-31 00:00:00,KA,Karnataka,CFACHK-Linfox Logistics (I) Pvt Ltd,18000,18000,PAC,52.87,951660,0,
,UCPL/23-24/740,CUS00003,Item,Annapurna Atta,ATTC100,ANNP WH-FF 1KG LP RL,2023-07-31 00:00:00,2023-07-31 00:00:00,KA,Karnataka,CFACHK-Linfox Logistics (I) Pvt Ltd,0,0,PAC,52.87,0,0,
,UCPL/23-24/741,CUS00011,Item,Annapurna Salt,ANNZ100,ANNP IODPD SALT 450g Relaunch,2023-07-31 00:00:00,2023-07-28 00:00:00,MH,Maharashtra,Choutubhai agencies- KOLH- 130751,0,0,PAC,6.83,0,0,
,UCPL/23-24/741,CUS00011,Item,Annapurna Salt,ANNW100,Anp 1 kg * 25kg pack  Relaunch,2023-07-31 00:00:00,2023-07-28 00:00:00,MH,Maharashtra,Choutubhai agencies- KOLH- 130751,0,0,PAC,11.84,0,0,
,UCPL/23-24/741,CUS00011,Item,Captain Cook Salt,ACCZ100,CC 1 kg * 25kg pack  New Code,2023-07-31 00:00:00,2023-07-28 00:00:00,MH,Maharashtra,Choutubhai agencies- KOLH- 130751,23500,23500,PAC,12.04,282940,0,
,UCPL/23-24/742,CUS00011,Item,Annapurna Salt,ANNZ100,ANNP IODPD SALT 450g Relaunch,2023-07-31 00:00:00,2023-07-28 00:00:00,MH,Maharashtra,Choutubhai agencies- KOLH- 130751,0,0,PAC,6.83,0,0,
,UCPL/23-24/742,CUS00011,Item,Annapurna Salt,ANNW100,Anp 1 kg * 25kg pack  Relaunch,2023-07-31 00:00:00,2023-07-28 00:00:00,MH,Maharashtra,Choutubhai agencies- KOLH- 130751,0,0,PAC,11.84,0,0,
,UCPL/23-24/742,CUS00011,Item,Captain Cook Salt,ACCZ100,CC 1 kg * 25kg pack  New Code,2023-07-31 00:00:00,2023-07-28 00:00:00,MH,Maharashtra,Choutubhai agencies- KOLH- 130751,23500,23500,PAC,12.04,282940,0,
,UCPL/23-24/743,CUS00011,Item,Annapurna Salt,ANNZ100,ANNP IODPD SALT 450g Relaunch,2023-07-31 00:00:00,2023-07-28 00:00:00,MH,Maharashtra,Dynamic trading co- KOLH- 10A937,0,0,PAC,6.83,0,0,
,UCPL/23-24/743,CUS00011,Item,Annapurna Salt,ANNW100,Anp 1 kg * 25kg pack  Relaunch,2023-07-31 00:00:00,2023-07-28 00:00:00,MH,Maharashtra,Dynamic trading co- KOLH- 10A937,0,0,PAC,11.84,0,0,
,UCPL/23-24/743,CUS00011,Item,Captain Cook Salt,ACCZ100,CC 1 kg * 25kg pack  New Code,2023-07-31 00:00:00,2023-07-28 00:00:00,MH,Maharashtra,Dynamic trading co- KOLH- 10A937,23500,23500,PAC,12.04,282940,0,
,UCPL/23-24/744,CUS00003,Item,Annapurna Salt,ANNW100,Anp 1 kg * 25kg pack  Relaunch,2023-07-31 00:00:00,2023-07-31 00:00:00,KA,Karnataka,INTELLIGENT RETAIL PVT LTD RS CODE: 43A593,7500,7500,PAC,15.84,118800,0,
,UCPL/23-24/744,CUS00003,Item,Annapurna Salt,ANNX100,Anp Crystal 1 * 25 kg Relaunch,2023-07-31 00:00:00,2023-07-31 00:00:00,KA,Karnataka,INTELLIGENT RETAIL PVT LTD RS CODE: 43A593,3000,3000,PAC,12.99,38970,0,
,UCPL/23-24/744,CUS00003,Item,Annapurna Salt,ANNY100,ANNAPURNA SALT POLY 500G,2023-07-31 00:00:00,2023-07-31 00:00:00,KA,Karnataka,INTELLIGENT RETAIL PVT LTD RS CODE: 43A593,0,0,PAC,8.09,0,0,
,UCPL/23-24/744,CUS00003,Item,Captain Cook Salt,ACCZ100,CC 1 kg * 25kg pack  New Code,2023-07-31 00:00:00,2023-07-31 00:00:00,KA,Karnataka,INTELLIGENT RETAIL PVT LTD RS CODE: 43A593,7500,7500,PAC,15.74,118050,0,
,UCPL/23-24/745,CUS00010,Item,Captain Cook Salt,ACCZ100,CC 1 kg * 25kg pack  New Code,2023-07-31 00:00:00,2023-07-31 00:00:00,GJ,Gujarat,Sanklecha salt suppliers-VABH-134734,18500,18500,PAC,12.04,222740,0,
,UCPL/23-24/746,CUS00010,Item,Captain Cook Salt,ACCZ100,CC 1 kg * 25kg pack  New Code,2023-07-31 00:00:00,2023-07-31 00:00:00,GJ,Gujarat,Sai Shradha trading co - VABH-10A009,5000,5000,PAC,12.04,60200,0,
,UCPL/23-24/747,CUS00024,Item,Annapurna Atta,UWAAFF050,ANNAPURNA CHAKKI FARM FRESH ATTA 5 KG,2023-07-31 00:00:00,2023-07-31 00:00:00,GJ,Gujarat,M/s. B.R. AGENCIES,1500,7500,PAC,160,240000,0,
,UCPL/23-24/747,CUS00024,Item,Annapurna Atta,UWAAFF100,ANNAPURNA CHAKKI FARM FRESH ATTA 10 KG,2023-07-31 00:00:00,2023-07-31 00:00:00,GJ,Gujarat,M/s. B.R. AGENCIES,150,1500,PAC,320,48000,0,
,UCPL/23-24/748,CUS00019,Item,Annapurna Atta,UWAAFF010,ANNAPURNA CHAKKI FARM FRESH ATTA 1 KG,2023-07-31 00:00:00,2023-07-25 00:00:00,MH,Maharashtra,M/s. HARSIDDHA MARKETING								,3000,3000,PAC,35.8,107400,0,35.8
,UCPL/23-24/749,CUS00014,Item,Annapurna Atta,ATTA100,ANNP WH-FF 10KG,2023-07-31 00:00:00,2023-07-31 00:00:00,AD,Andhra Pradesh,HINDUSTAN UNILEVER LIMITED,120,1200,PAC,498.04,59764.8,0,
,UCPL/23-24/749,CUS00014,Item,Annapurna Atta,ATTB100,ANNP WH-FF 5KG LP RL,2023-07-31 00:00:00,2023-07-31 00:00:00,AD,Andhra Pradesh,HINDUSTAN UNILEVER LIMITED,2160,10800,PAC,254.03,548704.8,0,
,UCPL/23-24/749,CUS00014,Item,Annapurna Atta,ATTC100,ANNP WH-FF 1KG LP RL,2023-07-31 00:00:00,2023-07-31 00:00:00,AD,Andhra Pradesh,HINDUSTAN UNILEVER LIMITED,5610,5610,PAC,52.16,292617.6,0,
,UCPL/23-24/749,CUS00014,Item,Annapurna Atta,ATTC100,ANNP WH-FF 1KG LP RL,2023-07-31 00:00:00,2023-07-31 00:00:00,AD,Andhra Pradesh,HINDUSTAN UNILEVER LIMITED,390,390,PAC,52.16,20342.4,0,
